frame,x1,y1,x2,y2,score,cls,img
5,532.3786010742188,820.3610229492188,702.4264526367188,1023.4491577148438,0.46880388259887695,1,IM_00037.JPG
6,664.1343994140625,645.8988037109375,784.0284423828125,821.9489135742188,0.6623111367225647,1,IM_00038.JPG
11,1023.88232421875,641.24951171875,1114.0885009765625,832.1939697265625,0.6362504959106445,1,IM_00047.JPG
12,1472.78369140625,689.5320434570312,1664.2415771484375,1023.48486328125,0.3730343282222748,1,IM_00048.JPG
19,1591.31787109375,715.3067626953125,1789.985107421875,996.764404296875,0.6206624507904053,1,IM_00061.JPG
19,971.23828125,631.5133056640625,1024.9171142578125,737.9166259765625,0.31150928139686584,1,IM_00061.JPG
19,971.6207885742188,635.668701171875,1025.0224609375,739.257080078125,0.282562792301178,1,IM_00061.JPG
20,1380.829345703125,686.7435302734375,1566.451416015625,930.5711669921875,0.6424077749252319,1,IM_00062.JPG
29,565.698486328125,707.0736694335938,645.76025390625,821.8566284179688,0.37104204297065735,1,IM_00107.JPG
33,1315.130126953125,726.545654296875,1518.6580810546875,1019.05224609375,0.7260568141937256,1,IM_00119.JPG
40,1416.5787353515625,720.3178100585938,1706.775146484375,972.703125,0.6044928431510925,1,IM_00132.JPG
45,743.7200927734375,729.1215209960938,975.1448974609375,910.8134765625,0.8219425678253174,1,IM_00151.JPG
46,1047.6251220703125,764.8193359375,1300.4915771484375,927.3961181640625,0.8568429350852966,1,IM_00152.JPG
47,1207.337890625,667.08642578125,1407.470703125,890.0809936523438,0.8823209404945374,1,IM_00155.JPG
48,1003.9656372070312,602.0540771484375,1089.501953125,731.9719848632812,0.6028573513031006,1,IM_00157.JPG
48,1003.693115234375,609.0899047851562,1068.819091796875,725.8430786132812,0.30105432868003845,1,IM_00157.JPG
51,1282.1376953125,630.6783447265625,1439.337646484375,797.1480102539062,0.8554124236106873,1,IM_00161.JPG
52,979.7371215820312,618.9498291015625,1033.621337890625,703.279296875,0.7784376740455627,1,IM_00162.JPG
55,1307.36474609375,691.6776123046875,1516.5341796875,941.0123291015625,0.8929163217544556,1,IM_00205.JPG
58,1152.5628662109375,613.3152465820312,1291.83935546875,804.354248046875,0.7771981358528137,1,IM_00225.JPG
59,1705.20947265625,695.5350952148438,1918.953125,989.4343872070312,0.831826388835907,1,IM_00226.JPG
67,921.3812255859375,604.4634399414062,972.0415649414062,705.6437377929688,0.6260632276535034,1,IM_00281.JPG
67,710.7335815429688,626.7394409179688,756.8761596679688,693.77783203125,0.27211707830429077,1,IM_00281.JPG
75,972.96826171875,669.50390625,1068.0201416015625,858.8023681640625,0.4639989733695984,1,IM_00339.JPG
76,879.8248901367188,621.6973876953125,932.9309692382812,710.674072265625,0.5247635841369629,1,IM_00340.JPG
80,945.9039916992188,617.8597412109375,1029.39306640625,789.32568359375,0.7922059893608093,1,IM_00357.JPG
82,1054.1966552734375,591.0494384765625,1106.0323486328125,712.6455688476562,0.682399332523346,1,IM_00366.JPG
83,1138.283203125,603.2722778320312,1227.6441650390625,706.65234375,0.6988164186477661,1,IM_00367.JPG
84,923.7332153320312,585.9853515625,972.0510864257812,655.3969116210938,0.7505961060523987,1,IM_00368.JPG
84,188.557373046875,625.6466674804688,332.347900390625,698.574462890625,0.2637973427772522,1,IM_00368.JPG
86,189.51576232910156,626.5757446289062,334.8527526855469,698.0438232421875,0.2969432771205902,1,IM_00370.JPG
87,1569.615966796875,621.25634765625,1764.680419921875,810.830078125,0.9179908633232117,1,IM_00393.JPG
87,1155.8433837890625,670.1068115234375,1225.6497802734375,764.001220703125,0.7789491415023804,1,IM_00393.JPG
87,517.813720703125,615.1800537109375,601.3414306640625,660.869873046875,0.26001423597335815,1,IM_00393.JPG
88,1734.1611328125,664.6790771484375,1919.830078125,880.3617553710938,0.9011868834495544,1,IM_00394.JPG
88,1284.46435546875,607.47216796875,1412.5938720703125,739.7744750976562,0.7926927804946899,1,IM_00394.JPG
88,1014.7626342773438,642.6485595703125,1063.264404296875,700.1401977539062,0.47614097595214844,1,IM_00394.JPG
88,518.0343017578125,616.5706176757812,600.8677978515625,662.656982421875,0.27008408308029175,1,IM_00394.JPG
89,1654.6446533203125,732.4150390625,1790.6004638671875,889.642578125,0.5300058126449585,1,IM_00413.JPG
89,191.7667694091797,643.5167236328125,331.28057861328125,696.8634033203125,0.2795235812664032,1,IM_00413.JPG
90,1545.9228515625,720.7506713867188,1654.571044921875,849.081298828125,0.6847996711730957,1,IM_00414.JPG
90,190.4340057373047,635.1344604492188,334.56060791015625,696.35791015625,0.30789873003959656,1,IM_00414.JPG
91,1064.8427734375,636.5322265625,1145.486572265625,712.5540771484375,0.5222516655921936,1,IM_00415.JPG
91,189.1374053955078,638.1251220703125,334.4643859863281,696.5650634765625,0.34585335850715637,1,IM_00415.JPG
92,1034.857421875,634.8675537109375,1090.819580078125,702.724365234375,0.34242334961891174,1,IM_00416.JPG
92,1033.677490234375,636.2149658203125,1087.0263671875,702.0626220703125,0.3140844404697418,1,IM_00416.JPG
93,847.5205078125,625.3536987304688,894.747802734375,705.998291015625,0.5217757821083069,1,IM_00417.JPG
94,830.4182739257812,633.4332275390625,880.8444213867188,716.7130737304688,0.4888307750225067,1,IM_00418.JPG
95,1373.016357421875,795.8690185546875,1601.5667724609375,1022.9027709960938,0.772386372089386,1,IM_00419.JPG
95,190.2567596435547,634.97998046875,333.67822265625,697.134033203125,0.27264443039894104,1,IM_00419.JPG
96,189.81912231445312,630.159423828125,335.814208984375,696.8839111328125,0.309082567691803,1,IM_00420.JPG
97,179.21871948242188,642.4842529296875,335.98529052734375,751.9656982421875,0.5576742887496948,1,IM_00431.JPG
98,535.8350830078125,610.270751953125,669.9630126953125,734.8976440429688,0.4384956657886505,1,IM_00432.JPG
98,535.5379638671875,652.5140380859375,670.0020751953125,733.8704833984375,0.34684237837791443,1,IM_00432.JPG
99,1705.9786376953125,656.475830078125,1885.2183837890625,831.41845703125,0.6563580632209778,1,IM_00433.JPG
100,1468.189208984375,665.5933837890625,1657.360595703125,839.5325317382812,0.6112653017044067,1,IM_00434.JPG
100,1344.16748046875,629.9467163085938,1497.272705078125,776.8392333984375,0.3392762839794159,1,IM_00434.JPG
106,313.37249755859375,676.5982666015625,449.98089599609375,752.32421875,0.833185613155365,1,IM_00441.JPG
110,1436.9542236328125,737.7925415039062,1834.9031982421875,1021.8499145507812,0.8484020233154297,1,IM_00445.JPG
113,924.4683837890625,595.7232666015625,1003.2784423828125,730.0537719726562,0.8155037760734558,1,IM_00479.JPG
113,189.60997009277344,622.945556640625,336.75592041015625,696.841064453125,0.3429337441921234,1,IM_00479.JPG
114,1681.2484130859375,689.0081176757812,1919.53857421875,974.5726318359375,0.8515080809593201,1,IM_00480.JPG
114,188.6765899658203,621.6655883789062,335.9599914550781,696.6406860351562,0.3445349633693695,1,IM_00480.JPG
115,893.4329833984375,604.3225708007812,1006.6141357421875,786.1527099609375,0.8313085436820984,1,IM_00483.JPG
116,1612.208740234375,698.5714111328125,1919.67431640625,1021.17236328125,0.8836677074432373,1,IM_00484.JPG
116,189.9959716796875,627.9065551757812,333.1507263183594,696.4608154296875,0.27768582105636597,1,IM_00484.JPG
123,189.96348571777344,626.6346435546875,335.2935791015625,696.0752563476562,0.33224737644195557,1,IM_00499.JPG
124,190.4029541015625,623.306884765625,336.34100341796875,695.6730346679688,0.37481436133384705,1,IM_00500.JPG
125,1526.4970703125,642.5567626953125,1769.2906494140625,893.4647216796875,0.8811449408531189,1,IM_00501.JPG
125,189.46380615234375,619.7723388671875,337.337646484375,696.8040771484375,0.38357073068618774,1,IM_00501.JPG
126,1215.87158203125,667.04248046875,1283.899658203125,748.799072265625,0.9172531962394714,1,IM_00517.JPG
126,1415.2159423828125,626.965576171875,1618.689697265625,839.4207763671875,0.8819109201431274,1,IM_00517.JPG
126,1019.9584350585938,612.2120361328125,1081.4404296875,678.3250122070312,0.6544995307922363,1,IM_00517.JPG
126,190.14141845703125,626.552734375,336.192138671875,696.33740234375,0.28626587986946106,1,IM_00517.JPG
127,1513.49560546875,706.084228515625,1814.1793212890625,999.505859375,0.8893193602561951,1,IM_00518.JPG
127,1102.764892578125,623.5172119140625,1208.4921875,731.5083618164062,0.7438200116157532,1,IM_00518.JPG
127,1010.111083984375,628.4983520507812,1053.9329833984375,687.1759643554688,0.5518411993980408,1,IM_00518.JPG
127,189.2333221435547,626.6403198242188,337.41741943359375,696.6519165039062,0.3043765723705292,1,IM_00518.JPG
127,517.8995361328125,603.2711181640625,598.1690673828125,660.7894287109375,0.2649552524089813,1,IM_00518.JPG
128,188.18157958984375,619.0526733398438,337.7998046875,696.15380859375,0.3936749994754791,1,IM_00519.JPG
128,519.4850463867188,604.7513427734375,601.3423461914062,660.6019897460938,0.3552032709121704,1,IM_00519.JPG
129,188.6935272216797,619.4481201171875,338.0292663574219,696.994873046875,0.3553568720817566,1,IM_00520.JPG
129,516.370361328125,599.7369384765625,602.724853515625,660.8216552734375,0.2827012240886688,1,IM_00520.JPG
130,1225.775146484375,604.3341674804688,1331.606201171875,733.1652221679688,0.7917941808700562,1,IM_00521.JPG
130,1061.708740234375,625.568115234375,1149.225830078125,745.2615966796875,0.6797181367874146,1,IM_00521.JPG
130,189.34349060058594,621.465576171875,337.5634460449219,696.7359619140625,0.32645633816719055,1,IM_00521.JPG
130,515.139404296875,599.9908447265625,600.5242309570312,661.2134399414062,0.29762402176856995,1,IM_00521.JPG
130,789.1583862304688,633.4421997070312,909.5359497070312,844.9017333984375,0.2590624988079071,1,IM_00521.JPG
131,188.9738311767578,623.4754028320312,337.6619567871094,696.5132446289062,0.3597765564918518,1,IM_00522.JPG
131,517.2855834960938,600.5880126953125,601.473876953125,660.75634765625,0.27024146914482117,1,IM_00522.JPG
133,187.2905731201172,587.854248046875,296.646484375,698.583984375,0.5929446816444397,1,IM_00524.JPG
133,513.9088134765625,595.3699951171875,602.9666748046875,661.0426025390625,0.28146249055862427,1,IM_00524.JPG
133,512.4966430664062,588.412353515625,604.5133666992188,659.9117431640625,0.2513326406478882,1,IM_00524.JPG
135,250.04827880859375,611.7366943359375,339.36865234375,696.0320434570312,0.3395735025405884,1,IM_00526.JPG
136,191.92266845703125,615.1781616210938,338.1518859863281,696.4118041992188,0.34707751870155334,1,IM_00527.JPG
137,192.07534790039062,609.443603515625,338.42633056640625,696.2241821289062,0.3256179094314575,1,IM_00528.JPG
138,194.14498901367188,618.754638671875,337.6319274902344,696.0799560546875,0.2755719721317291,1,IM_00529.JPG
139,191.25228881835938,609.1141357421875,338.17919921875,696.0616455078125,0.3134833872318268,1,IM_00530.JPG
140,192.2317657470703,617.966064453125,336.89544677734375,696.0240478515625,0.3365083932876587,1,IM_00531.JPG
140,518.6214599609375,606.4257202148438,593.8851318359375,661.1193237304688,0.31998151540756226,1,IM_00531.JPG
140,516.863037109375,610.050537109375,604.3285522460938,660.9659423828125,0.25485873222351074,1,IM_00531.JPG
141,191.78553771972656,614.193603515625,337.3393249511719,696.1807861328125,0.266705721616745,1,IM_00533.JPG
143,518.946044921875,609.2899169921875,586.0460205078125,660.6256103515625,0.26515570282936096,1,IM_00535.JPG
145,190.34471130371094,609.7492065429688,335.7115173339844,695.9077758789062,0.2855514883995056,1,IM_00540.JPG
145,189.48992919921875,605.9312744140625,337.6133117675781,697.794189453125,0.26611340045928955,1,IM_00540.JPG
146,190.96812438964844,623.587158203125,335.09564208984375,696.210205078125,0.3173869848251343,1,IM_00541.JPG
147,189.47445678710938,628.9931640625,336.19293212890625,695.599609375,0.30952325463294983,1,IM_00542.JPG
148,188.55194091796875,626.3822631835938,337.2664489746094,696.4944458007812,0.3426291048526764,1,IM_00543.JPG
149,189.116943359375,619.708251953125,336.91741943359375,696.2846069335938,0.3361986577510834,1,IM_00544.JPG
150,274.14398193359375,604.9703369140625,407.468505859375,714.5675048828125,0.3264230191707611,1,IM_00545.JPG
150,187.0137176513672,598.3290405273438,319.81451416015625,703.615234375,0.2904544174671173,1,IM_00545.JPG
150,188.30715942382812,588.7033081054688,288.89544677734375,702.2671508789062,0.28570640087127686,1,IM_00545.JPG
151,187.36940002441406,590.48583984375,310.9364013671875,698.8632202148438,0.49988439679145813,1,IM_00546.JPG
152,190.87869262695312,628.514892578125,337.3982238769531,696.496826171875,0.3438362181186676,1,IM_00547.JPG
153,1256.025390625,718.813232421875,1571.39013671875,1004.6512451171875,0.9053428173065186,1,IM_00549.JPG
153,1200.846435546875,608.9012451171875,1347.2249755859375,805.3453369140625,0.8179720640182495,1,IM_00549.JPG
153,1098.3046875,614.2174072265625,1188.5335693359375,706.6400756835938,0.7017021179199219,1,IM_00549.JPG
153,190.21412658691406,625.9857177734375,335.965576171875,696.1783447265625,0.3114088773727417,1,IM_00549.JPG
154,1241.791015625,609.185546875,1396.3760986328125,754.340576171875,0.8480605483055115,1,IM_00550.JPG
154,1875.5262451171875,748.98388671875,1919.4613037109375,895.3695068359375,0.5897738337516785,1,IM_00550.JPG
154,903.3966064453125,589.10546875,942.50390625,654.6981201171875,0.3527511656284332,1,IM_00550.JPG
154,188.27651977539062,610.0064697265625,336.71490478515625,695.923583984375,0.2966148555278778,1,IM_00550.JPG
155,188.9373779296875,632.5379638671875,336.7261047363281,696.498291015625,0.3642723262310028,1,IM_00551.JPG
156,188.57705688476562,627.9154052734375,337.46478271484375,696.6351318359375,0.3450931906700134,1,IM_00552.JPG
157,1169.947265625,834.846435546875,1499.35986328125,1023.9029541015625,0.8622240424156189,1,IM_00555.JPG
157,188.4913330078125,619.5333251953125,338.83758544921875,696.2612915039062,0.3922276794910431,1,IM_00555.JPG
157,516.2237548828125,595.703369140625,591.46728515625,660.8714599609375,0.27062493562698364,1,IM_00555.JPG
158,597.847900390625,781.4307861328125,818.13623046875,986.0335693359375,0.8278120756149292,1,IM_00556.JPG
158,188.58645629882812,620.82861328125,338.2618408203125,696.3734130859375,0.3988337516784668,1,IM_00556.JPG
158,516.3668823242188,593.0732421875,595.6879272460938,660.9908447265625,0.2750133275985718,1,IM_00556.JPG
159,89.34635925292969,725.142822265625,233.73434448242188,873.1133422851562,0.8095341324806213,1,IM_00557.JPG
160,89.83854675292969,724.9647216796875,231.8401336669922,872.4019775390625,0.8069965243339539,1,IM_00558.JPG
160,767.1097412109375,593.099853515625,809.7416381835938,690.72802734375,0.7586473226547241,1,IM_00558.JPG
160,201.1870880126953,599.1478271484375,336.5245361328125,698.227294921875,0.3595828711986542,1,IM_00558.JPG
160,517.6341552734375,597.92041015625,574.4017944335938,660.0643310546875,0.2817682921886444,1,IM_00558.JPG
161,188.91302490234375,618.2066650390625,337.958740234375,696.36962890625,0.32867857813835144,1,IM_00583.JPG
162,189.85952758789062,625.2053833007812,337.19830322265625,696.2833251953125,0.2913660407066345,1,IM_00584.JPG
163,835.9383544921875,624.8690185546875,937.371826171875,772.5972290039062,0.7187889814376831,1,IM_00585.JPG
163,766.1134033203125,609.08447265625,810.994384765625,731.10595703125,0.5792544484138489,1,IM_00585.JPG
163,187.8567657470703,614.1575317382812,339.5770568847656,697.0636596679688,0.40536803007125854,1,IM_00585.JPG
163,519.5640869140625,599.9899291992188,578.5577392578125,660.8662719726562,0.35694822669029236,1,IM_00585.JPG
164,869.3935546875,664.928955078125,952.0924072265625,832.2640380859375,0.7405298352241516,1,IM_00586.JPG
164,789.6395874023438,620.640625,872.3596801757812,771.3682250976562,0.6910281777381897,1,IM_00586.JPG
164,188.12872314453125,603.0264892578125,338.69012451171875,696.4569091796875,0.42548099160194397,1,IM_00586.JPG
164,815.0791625976562,631.9513549804688,871.399658203125,775.7255859375,0.2629174292087555,1,IM_00586.JPG
165,1374.0740966796875,640.9330444335938,1483.925048828125,765.7611694335938,0.7260438799858093,1,IM_00587.JPG
165,1004.3344116210938,593.1570434570312,1067.06640625,681.6554565429688,0.7087104916572571,1,IM_00587.JPG
165,514.87939453125,597.350830078125,601.1495361328125,660.8817138671875,0.3746861219406128,1,IM_00587.JPG
166,1169.4024658203125,615.8900146484375,1285.3387451171875,731.3310546875,0.7394615411758423,1,IM_00588.JPG
166,1828.070068359375,717.5438842773438,1918.963623046875,849.391845703125,0.5132389068603516,1,IM_00588.JPG
166,1828.9119873046875,761.315185546875,1918.808349609375,849.8433837890625,0.38012996315956116,1,IM_00588.JPG
166,514.3461303710938,593.598388671875,601.939208984375,660.86669921875,0.2772361636161804,1,IM_00588.JPG
167,1698.81591796875,651.123779296875,1917.881103515625,868.6063842773438,0.8934662342071533,1,IM_00589.JPG
167,189.67564392089844,622.4752197265625,337.7101135253906,695.85400390625,0.3529539406299591,1,IM_00589.JPG
168,981.62548828125,566.9782104492188,1050.441650390625,693.95947265625,0.6732223033905029,1,IM_00591.JPG
168,920.0885009765625,572.2567138671875,1053.5892333984375,689.922119140625,0.33049991726875305,1,IM_00591.JPG
168,516.670166015625,595.792724609375,588.049072265625,660.6278076171875,0.3275580108165741,1,IM_00591.JPG
169,1351.57470703125,615.7430419921875,1510.889892578125,835.3358154296875,0.8311695456504822,1,IM_00592.JPG
170,188.64926147460938,622.3615112304688,338.56964111328125,696.370849609375,0.3760550022125244,1,IM_00599.JPG
170,188.64315795898438,615.79052734375,338.6866455078125,697.0303344726562,0.2810167968273163,1,IM_00599.JPG
170,189.39642333984375,614.0575561523438,337.93597412109375,696.4963989257812,0.250012069940567,1,IM_00599.JPG
171,189.8326416015625,628.349365234375,338.0701599121094,695.7398071289062,0.37347158789634705,1,IM_00600.JPG
172,1454.9033203125,645.69580078125,1662.359619140625,850.9603271484375,0.8883156180381775,1,IM_00623.JPG
172,189.44155883789062,624.777099609375,338.05224609375,696.5044555664062,0.3731679618358612,1,IM_00623.JPG
173,1123.849365234375,618.6650390625,1225.27294921875,745.0167846679688,0.8058666586875916,1,IM_00624.JPG
173,192.93626403808594,632.1517944335938,336.70782470703125,695.9368896484375,0.302022248506546,1,IM_00624.JPG
174,188.43441772460938,614.755859375,339.62762451171875,697.0222778320312,0.3855752646923065,1,IM_00627.JPG
174,759.6449584960938,572.1434326171875,828.8909912109375,647.017822265625,0.37753909826278687,1,IM_00627.JPG
175,188.24923706054688,615.0487060546875,338.7007751464844,696.6359252929688,0.31379377841949463,1,IM_00628.JPG
175,749.5098876953125,569.4033203125,784.0303344726562,647.8251953125,0.27686136960983276,1,IM_00628.JPG
176,741.9068603515625,659.6072387695312,808.8397216796875,795.9157104492188,0.6159306168556213,1,IM_00629.JPG
176,659.434814453125,598.391357421875,698.9796142578125,699.6646118164062,0.5410770773887634,1,IM_00629.JPG
176,188.56170654296875,609.4920654296875,338.8675537109375,696.6905517578125,0.4482441544532776,1,IM_00629.JPG
176,649.795166015625,592.4862060546875,706.7572631835938,700.8861083984375,0.28252723813056946,1,IM_00629.JPG
177,812.79150390625,665.77490234375,953.3720703125,920.5430908203125,0.7425457239151001,1,IM_00630.JPG
177,996.0759887695312,788.443359375,1145.947509765625,1022.5301513671875,0.660560131072998,1,IM_00630.JPG
177,692.1680908203125,614.7139892578125,780.846435546875,794.2855224609375,0.6134570240974426,1,IM_00630.JPG
177,719.4710693359375,621.9168701171875,777.1126708984375,795.4810791015625,0.450298011302948,1,IM_00630.JPG
177,1026.1124267578125,792.00390625,1130.66748046875,1020.614013671875,0.425012469291687,1,IM_00630.JPG
177,188.5389862060547,613.5708618164062,338.7849426269531,695.8855590820312,0.35972562432289124,1,IM_00630.JPG
177,838.1641845703125,683.3828125,930.9085693359375,921.6326293945312,0.29553499817848206,1,IM_00630.JPG
178,1070.1539306640625,616.759521484375,1174.8763427734375,777.795166015625,0.8052035570144653,1,IM_00657.JPG
178,189.21351623535156,616.618896484375,338.9739074707031,696.6300048828125,0.3865807056427002,1,IM_00657.JPG
178,514.3841552734375,595.5672607421875,583.645751953125,660.968505859375,0.3147568702697754,1,IM_00657.JPG
179,1487.119873046875,688.9913940429688,1749.049560546875,963.99462890625,0.9216712117195129,1,IM_00658.JPG
179,188.89442443847656,622.1412963867188,339.2386779785156,696.2411499023438,0.3585517406463623,1,IM_00658.JPG
180,1216.240234375,613.6975708007812,1324.063720703125,756.4304809570312,0.8332560062408447,1,IM_00667.JPG
180,189.8499755859375,618.7542724609375,339.150146484375,696.0452880859375,0.37209734320640564,1,IM_00667.JPG
181,971.6400146484375,587.1842041015625,1022.678466796875,671.31103515625,0.6120952367782593,1,IM_00668.JPG
181,190.02499389648438,629.3118896484375,337.927978515625,696.03662109375,0.4090478718280792,1,IM_00668.JPG
181,928.614013671875,581.6290893554688,1024.9970703125,673.0614013671875,0.3590265214443207,1,IM_00668.JPG
182,1076.739990234375,599.822265625,1174.6395263671875,715.90625,0.8500906825065613,1,IM_00695.JPG
182,189.63006591796875,624.1627197265625,337.9996337890625,696.6864013671875,0.35478052496910095,1,IM_00695.JPG
183,1127.7470703125,626.23876953125,1243.7342529296875,748.042236328125,0.7743661403656006,1,IM_00696.JPG
183,851.812744140625,578.7627563476562,894.434814453125,643.3439331054688,0.4966619312763214,1,IM_00696.JPG
183,189.03103637695312,620.9166870117188,339.46600341796875,696.9596557617188,0.38378429412841797,1,IM_00696.JPG
184,189.70010375976562,627.1466674804688,338.5196228027344,696.898681640625,0.36138415336608887,1,IM_00697.JPG
185,190.73968505859375,623.5925903320312,338.4870300292969,696.21826171875,0.3766540288925171,1,IM_00698.JPG
186,1394.66796875,708.2890625,1503.67724609375,806.0340576171875,0.5820038914680481,1,IM_00699.JPG
186,189.33668518066406,620.1300659179688,339.1755065917969,697.18798828125,0.41356155276298523,1,IM_00699.JPG
187,188.650390625,610.0728759765625,338.83477783203125,697.1885986328125,0.4456624388694763,1,IM_00700.JPG
187,637.8519287109375,575.714111328125,691.7264404296875,676.714111328125,0.2962055504322052,1,IM_00700.JPG
187,1061.402099609375,611.2918701171875,1126.9986572265625,702.1488037109375,0.25117531418800354,1,IM_00700.JPG
188,1219.24267578125,647.367431640625,1381.047119140625,854.4241943359375,0.8406760096549988,1,IM_00703.JPG
188,189.61557006835938,622.458740234375,338.47955322265625,697.0801391601562,0.4166540801525116,1,IM_00703.JPG
188,236.7004852294922,626.6022338867188,339.06414794921875,697.4002685546875,0.2706964910030365,1,IM_00703.JPG
189,189.98985290527344,622.5457763671875,339.1643371582031,696.333984375,0.39002060890197754,1,IM_00704.JPG
192,869.0121459960938,698.9111328125,1115.81005859375,1014.5652465820312,0.8435905575752258,1,IM_00707.JPG
192,1249.278076171875,606.531494140625,1364.853515625,731.1959228515625,0.6695127487182617,1,IM_00707.JPG
192,1078.1806640625,611.6065673828125,1174.820068359375,745.30859375,0.6183000802993774,1,IM_00707.JPG
192,188.7495880126953,614.8009643554688,339.23876953125,697.5679321289062,0.4624640643596649,1,IM_00707.JPG
193,1207.499267578125,789.4208984375,1632.4200439453125,1022.8551025390625,0.851779043674469,1,IM_00708.JPG
193,1000.0372314453125,599.9096069335938,1079.018798828125,674.5986938476562,0.8208808302879333,1,IM_00708.JPG
193,829.94091796875,592.1337890625,886.7896728515625,674.1769409179688,0.5920436978340149,1,IM_00708.JPG
193,188.6648712158203,616.2273559570312,339.5118408203125,696.97998046875,0.4241666793823242,1,IM_00708.JPG
194,162.14735412597656,720.5809936523438,312.67205810546875,918.0294799804688,0.7713090181350708,1,IM_00719.JPG
194,103.63748931884766,662.529541015625,179.90899658203125,821.2542724609375,0.3281359374523163,1,IM_00719.JPG
195,276.0355224609375,690.008056640625,443.60528564453125,928.4298706054688,0.885169506072998,1,IM_00720.JPG
195,662.2364501953125,753.0882568359375,907.55419921875,954.440185546875,0.8341618776321411,1,IM_00720.JPG
195,187.95704650878906,589.791015625,261.16021728515625,696.305419921875,0.3313857316970825,1,IM_00720.JPG
195,512.4476318359375,584.0301513671875,607.3825073242188,662.182861328125,0.2902410328388214,1,IM_00720.JPG
196,127.84419250488281,643.5546875,348.2661437988281,808.4398193359375,0.8803368806838989,1,IM_00721.JPG
196,391.611328125,636.524169921875,509.0701904296875,727.37939453125,0.8543451428413391,1,IM_00721.JPG
197,84.00837707519531,677.7932739257812,168.09722900390625,890.2157592773438,0.6214612126350403,1,IM_00722.JPG
197,246.22119140625,612.3853759765625,338.7452087402344,695.9188232421875,0.4765620827674866,1,IM_00722.JPG
197,181.77626037597656,655.574462890625,246.6265869140625,725.9671630859375,0.419778972864151,1,IM_00722.JPG
198,819.03857421875,583.0467529296875,871.1031494140625,700.05712890625,0.7052510380744934,1,IM_00727.JPG
198,985.33642578125,585.2070922851562,1041.121826171875,692.824951171875,0.6169648766517639,1,IM_00727.JPG
199,1251.99853515625,613.84765625,1381.558837890625,773.0993041992188,0.8332235217094421,1,IM_00728.JPG
199,1026.8441162109375,617.4761962890625,1163.203125,794.2666625976562,0.7695576548576355,1,IM_00728.JPG
199,227.10470581054688,613.55224609375,339.271728515625,697.2442626953125,0.3237750232219696,1,IM_00728.JPG
200,188.052001953125,622.8914794921875,338.58404541015625,697.4009399414062,0.36468982696533203,1,IM_00733.JPG
201,188.01998901367188,613.3922119140625,339.759033203125,697.4591064453125,0.37035658955574036,1,IM_00734.JPG
202,757.3326416015625,596.997802734375,792.7307739257812,660.0732421875,0.592345118522644,1,IM_00737.JPG
202,188.95574951171875,614.0755615234375,339.332763671875,697.179443359375,0.488859087228775,1,IM_00737.JPG
202,189.29141235351562,613.2518310546875,338.4525146484375,697.185546875,0.4802742302417755,1,IM_00737.JPG
202,189.40750122070312,612.8984375,338.5029296875,697.0245361328125,0.47662654519081116,1,IM_00737.JPG
202,188.99044799804688,619.5614013671875,338.730224609375,697.162109375,0.34452784061431885,1,IM_00737.JPG
202,199.78660583496094,614.6109008789062,338.859130859375,698.1106567382812,0.32871773838996887,1,IM_00737.JPG
202,674.5875244140625,609.7769775390625,712.5426025390625,678.2247314453125,0.30577608942985535,1,IM_00737.JPG
203,188.52767944335938,612.166015625,339.65411376953125,697.34130859375,0.41367748379707336,1,IM_00738.JPG
204,188.3515625,613.4976806640625,339.9293212890625,697.66064453125,0.4919845461845398,1,IM_00739.JPG
205,189.38143920898438,612.7452392578125,338.7574462890625,697.397216796875,0.43822965025901794,1,IM_00740.JPG
206,188.44606018066406,620.4146728515625,338.1023254394531,697.0128173828125,0.3786201775074005,1,IM_00741.JPG
207,188.9276123046875,620.1095581054688,336.17474365234375,697.4564208984375,0.35957053303718567,1,IM_00742.JPG
207,224.82064819335938,613.5628662109375,338.5556945800781,698.2725830078125,0.26135963201522827,1,IM_00742.JPG
210,1067.7030029296875,637.3409423828125,1215.3248291015625,832.2013549804688,0.8194054365158081,1,IM_00747.JPG
211,927.6612548828125,591.8538818359375,998.443115234375,696.3624267578125,0.7331992983818054,1,IM_00748.JPG
211,188.04620361328125,607.7140502929688,338.6002197265625,697.644287109375,0.5969352722167969,1,IM_00748.JPG
211,1791.1226806640625,763.1689453125,1918.92919921875,981.0399169921875,0.36030152440071106,1,IM_00748.JPG
212,224.42379760742188,612.1624755859375,338.8657531738281,697.6243896484375,0.2961663603782654,1,IM_00757.JPG
212,223.51625061035156,610.4990844726562,338.5589599609375,699.1583251953125,0.2760962247848511,1,IM_00757.JPG
212,224.66477966308594,609.186279296875,338.2348937988281,696.707275390625,0.2617012858390808,1,IM_00757.JPG
213,189.86737060546875,610.35791015625,338.1903991699219,697.1489868164062,0.5359668731689453,1,IM_00758.JPG
213,518.4755859375,593.6683349609375,606.4681396484375,659.762939453125,0.3774769902229309,1,IM_00758.JPG
213,520.6360473632812,595.9725341796875,578.1055908203125,659.9332275390625,0.2989150881767273,1,IM_00758.JPG
214,189.5625,606.8724975585938,338.14654541015625,697.2349853515625,0.33212611079216003,1,IM_00761.JPG
215,188.3426055908203,617.692138671875,338.0078430175781,697.231689453125,0.5211337208747864,1,IM_00789.JPG
216,189.164306640625,624.209716796875,338.68756103515625,696.5821533203125,0.4249374270439148,1,IM_00790.JPG
217,1424.20751953125,677.2161254882812,1606.254638671875,839.1201782226562,0.2792660892009735,1,IM_00845.JPG
217,188.72332763671875,631.7557373046875,337.6669921875,696.3060302734375,0.2558214068412781,1,IM_00845.JPG
218,930.753662109375,660.9347534179688,1002.491455078125,792.9906005859375,0.6154210567474365,1,IM_00867.JPG
218,1223.8492431640625,644.9970703125,1287.9879150390625,813.3740234375,0.3174973428249359,1,IM_00867.JPG
218,1219.599365234375,638.5362548828125,1290.84716796875,813.4451904296875,0.3108155131340027,1,IM_00867.JPG
218,1223.010986328125,641.6661987304688,1290.290283203125,812.536376953125,0.29330959916114807,1,IM_00867.JPG
218,1219.101318359375,640.048583984375,1293.561279296875,813.4449462890625,0.2787003815174103,1,IM_00867.JPG
218,1221.3848876953125,653.2574462890625,1287.6624755859375,813.3712158203125,0.27386656403541565,1,IM_00867.JPG
219,1137.7578125,726.987060546875,1265.15283203125,940.725341796875,0.6910129189491272,1,IM_00868.JPG
225,830.5650634765625,605.90576171875,953.4046630859375,772.5902709960938,0.7593467235565186,1,IM_00963.JPG
225,188.18824768066406,590.8745727539062,249.33380126953125,695.7939453125,0.3697596788406372,1,IM_00963.JPG
226,569.6422119140625,643.697998046875,740.0750732421875,855.3587036132812,0.8146569132804871,1,IM_00964.JPG
226,188.06689453125,589.74658203125,250.34349060058594,695.6134643554688,0.6288337707519531,1,IM_00964.JPG
227,423.90728759765625,667.4658203125,568.9286499023438,968.4288330078125,0.8292550444602966,1,IM_00965.JPG
227,187.99789428710938,590.0400390625,249.81826782226562,695.2918701171875,0.4470502734184265,1,IM_00965.JPG
228,426.6307067871094,667.6069946289062,564.4857177734375,967.7867431640625,0.8398263454437256,1,IM_00966.JPG
228,1403.912353515625,651.3209228515625,1673.773193359375,892.9267578125,0.4347218871116638,1,IM_00966.JPG
228,188.6318359375,595.1316528320312,249.81137084960938,695.8394775390625,0.30810585618019104,1,IM_00966.JPG
229,413.5936279296875,660.54638671875,568.5372314453125,968.09326171875,0.8488317728042603,1,IM_00967.JPG
229,187.90679931640625,589.7713012695312,250.52110290527344,695.2940063476562,0.46568647027015686,1,IM_00967.JPG
229,443.0027160644531,675.1277465820312,553.9898681640625,965.73193359375,0.40254461765289307,1,IM_00967.JPG
230,429.8712158203125,665.2708129882812,577.510986328125,966.2398681640625,0.8054490089416504,1,IM_00968.JPG
230,188.94886779785156,590.126708984375,251.05247497558594,695.6827392578125,0.5713571906089783,1,IM_00968.JPG
233,187.826904296875,593.666259765625,249.8708038330078,695.786865234375,0.3486958146095276,1,IM_01018.JPG
234,1307.4298095703125,680.41748046875,1435.7420654296875,935.6196899414062,0.6274459958076477,1,IM_01019.JPG
234,1329.49072265625,683.39306640625,1416.7547607421875,935.1431884765625,0.48976683616638184,1,IM_01019.JPG
235,1302.5703125,704.8755493164062,1412.3424072265625,958.36669921875,0.4451846778392792,1,IM_01020.JPG
235,1335.162353515625,699.866943359375,1395.47705078125,957.5736694335938,0.26428788900375366,1,IM_01020.JPG
239,215.82760620117188,595.7672119140625,412.1785888671875,713.8054809570312,0.5251671671867371,1,IM_01045.JPG
240,187.30130004882812,604.8729858398438,253.8896026611328,695.5929565429688,0.4656866788864136,1,IM_01057.JPG
242,187.1689453125,593.8456420898438,253.7962188720703,695.259521484375,0.3568814694881439,1,IM_01076.JPG
244,186.78619384765625,596.9351806640625,253.2927703857422,694.7759399414062,0.45381423830986023,1,IM_01122.JPG
245,187.52679443359375,597.1165771484375,254.83230590820312,695.4899291992188,0.3089585602283478,1,IM_01123.JPG
246,814.3372192382812,609.200927734375,883.3775024414062,750.9273681640625,0.6785674095153809,1,IM_01205.JPG
247,944.2223510742188,652.8059692382812,1081.27685546875,873.5068359375,0.5435053110122681,1,IM_01206.JPG
249,385.3927001953125,598.4051513671875,582.8173828125,752.8223876953125,0.7638365030288696,1,IM_01224.JPG
249,189.08749389648438,590.2472534179688,255.4829864501953,695.4537963867188,0.36393579840660095,1,IM_01224.JPG
250,187.84214782714844,598.106201171875,253.25912475585938,695.357666015625,0.4354391396045685,1,IM_01233.JPG
250,824.0889892578125,594.025146484375,894.0152587890625,718.71142578125,0.3872392177581787,1,IM_01233.JPG
251,1305.6866455078125,704.6724243164062,1636.412353515625,1021.69921875,0.47919875383377075,1,IM_01234.JPG
251,188.49008178710938,595.7986450195312,253.11398315429688,695.3111572265625,0.439014196395874,1,IM_01234.JPG
252,417.5532531738281,583.8401489257812,544.9029541015625,698.7499389648438,0.7299669981002808,1,IM_01275.JPG
253,595.427490234375,600.8363037109375,692.6306762695312,701.0531005859375,0.6448493599891663,1,IM_01276.JPG
256,187.64578247070312,596.256103515625,252.97323608398438,695.261474609375,0.27058881521224976,1,IM_01312.JPG
260,188.37872314453125,593.751220703125,253.23582458496094,695.36279296875,0.46027299761772156,1,IM_01370.JPG
260,616.8369140625,600.560791015625,659.1740112304688,688.37939453125,0.4542761445045471,1,IM_01370.JPG
261,187.77674865722656,592.3342895507812,255.96725463867188,695.60302734375,0.2929319739341736,1,IM_01375.JPG
262,328.1209411621094,680.9989624023438,476.772216796875,826.9603271484375,0.6274392604827881,1,IM_01376.JPG
262,189.18006896972656,598.200927734375,255.45355224609375,695.213623046875,0.5037983655929565,1,IM_01376.JPG
263,188.30162048339844,602.739013671875,253.44039916992188,695.62158203125,0.3045492172241211,1,IM_01389.JPG
269,188.0308837890625,613.8790283203125,253.42242431640625,695.815185546875,0.25772255659103394,1,IM_01506.JPG
270,414.3377685546875,730.836669921875,638.433349609375,1020.0005493164062,0.6065500974655151,1,IM_01625.JPG
270,187.62933349609375,597.5912475585938,253.65211486816406,695.81689453125,0.49501532316207886,1,IM_01625.JPG
271,187.34327697753906,594.5750732421875,254.79025268554688,695.935546875,0.6317312121391296,1,IM_01667.JPG
272,188.07215881347656,593.930908203125,255.2483367919922,694.8671875,0.4018482565879822,1,IM_01735.JPG
272,187.1722412109375,630.31787109375,250.5252685546875,695.4893188476562,0.28427398204803467,1,IM_01735.JPG
273,187.64051818847656,594.7630615234375,255.92953491210938,695.62841796875,0.48104146122932434,1,IM_01736.JPG
274,187.5218048095703,592.4552001953125,253.361572265625,694.3218994140625,0.31549885869026184,1,IM_01797.JPG
275,187.84422302246094,591.3056640625,254.98690795898438,696.022216796875,0.4978492259979248,1,IM_01798.JPG
276,1176.343505859375,749.6475219726562,1539.919189453125,1021.6693725585938,0.38042014837265015,1,IM_01883.JPG
276,187.34457397460938,628.2203369140625,254.33837890625,695.5218505859375,0.3538755178451538,1,IM_01883.JPG
277,1423.9219970703125,708.2779541015625,1915.89111328125,1043.916015625,0.658420741558075,1,IM_01884.JPG
277,187.43743896484375,611.9630126953125,253.5663299560547,695.8972778320312,0.3760899305343628,1,IM_01884.JPG
277,185.53472900390625,632.682861328125,250.01541137695312,694.9974975585938,0.26554909348487854,1,IM_01884.JPG
293,602.308349609375,615.7098388671875,658.8798828125,694.9361572265625,0.5319996476173401,1,IM_02015.JPG
312,1266.375244140625,663.8829956054688,1429.3853759765625,831.498046875,0.8218274116516113,1,IM_02147.JPG
314,180.0367431640625,606.1123046875,306.23907470703125,704.079345703125,0.3354239761829376,1,IM_02164.JPG
317,180.76817321777344,606.98583984375,305.85980224609375,705.494384765625,0.39798203110694885,1,IM_02169.JPG
319,179.91229248046875,601.4258422851562,306.32421875,705.0794677734375,0.264510840177536,1,IM_02211.JPG
322,180.74107360839844,614.3492431640625,307.51275634765625,703.5499877929688,0.42664653062820435,1,IM_02214.JPG
323,182.30691528320312,616.0782470703125,305.4776611328125,704.609375,0.2567828297615051,1,IM_02215.JPG
324,180.38082885742188,606.9691162109375,305.63165283203125,704.0831298828125,0.48359963297843933,1,IM_02216.JPG
326,181.38002014160156,605.6209716796875,306.06134033203125,703.0156860351562,0.264666348695755,1,IM_02226.JPG
328,182.37115478515625,613.228271484375,303.7138671875,703.131591796875,0.25203657150268555,1,IM_02248.JPG
329,180.82493591308594,604.6249389648438,305.0106201171875,704.9717407226562,0.26588717103004456,1,IM_02250.JPG
330,439.43115234375,590.90869140625,494.00811767578125,682.60302734375,0.4038141071796417,1,IM_02307.JPG
330,182.74671936035156,622.000732421875,305.106689453125,702.7867431640625,0.2609575688838959,1,IM_02307.JPG
333,179.81228637695312,597.4605102539062,306.8101806640625,704.6370849609375,0.253550261259079,1,IM_02312.JPG
334,181.16551208496094,606.4004516601562,305.04254150390625,703.5152587890625,0.347812682390213,1,IM_02513.JPG
334,0.5493278503417969,637.9660034179688,168.68255615234375,835.61572265625,0.2771316170692444,1,IM_02513.JPG
334,0.04300689697265625,681.7723388671875,168.2203369140625,835.36083984375,0.25866633653640747,1,IM_02513.JPG
336,1090.16943359375,630.3907470703125,1201.02294921875,798.66943359375,0.6623491048812866,1,IM_02643.JPG
337,182.4932098388672,607.0525512695312,306.157958984375,703.6278686523438,0.5130597352981567,1,IM_02644.JPG
337,0.5051765441894531,615.8533935546875,170.77883911132812,833.3404541015625,0.3670225143432617,1,IM_02644.JPG
339,182.30215454101562,603.406005859375,305.666259765625,703.4318237304688,0.638194739818573,1,IM_02732.JPG
341,182.36228942871094,601.489990234375,305.1741027832031,703.3431396484375,0.4228101670742035,1,IM_02748.JPG
342,182.7080078125,602.4191284179688,237.2985076904297,702.3388671875,0.4347153306007385,1,IM_02783.JPG
342,181.52500915527344,597.9224243164062,316.2425537109375,703.1708374023438,0.27622658014297485,1,IM_02783.JPG
342,89.89364624023438,611.3681640625,131.79444885253906,693.1846923828125,0.27149683237075806,1,IM_02783.JPG
342,266.8769226074219,610.161376953125,318.3330383300781,700.2274169921875,0.26422983407974243,1,IM_02783.JPG
343,181.4554443359375,599.94482421875,315.7237548828125,704.3919677734375,0.6177824139595032,1,IM_02784.JPG
343,264.9630432128906,609.7149658203125,315.6288757324219,701.8862915039062,0.27154096961021423,1,IM_02784.JPG
343,182.3227996826172,601.1771850585938,234.44696044921875,702.5081176757812,0.25235795974731445,1,IM_02784.JPG
344,1096.320556640625,601.7700805664062,1183.79736328125,712.3135986328125,0.79768306016922,1,IM_02785.JPG
344,183.5746307373047,599.4329833984375,317.6285705566406,704.1961669921875,0.5729992985725403,1,IM_02785.JPG
345,1699.5889892578125,708.05712890625,1919.2620849609375,916.9411010742188,0.6386951208114624,1,IM_02786.JPG
345,182.74891662597656,603.1060791015625,316.8096923828125,704.6568603515625,0.6354347467422485,1,IM_02786.JPG
346,182.05503845214844,596.3612670898438,317.0810852050781,704.744140625,0.5698811411857605,1,IM_02797.JPG
347,181.4622039794922,600.1202392578125,314.51861572265625,702.9029541015625,0.639838457107544,1,IM_02798.JPG
347,91.35896301269531,615.6014404296875,130.00958251953125,693.1016845703125,0.3079158067703247,1,IM_02798.JPG
348,181.91542053222656,610.2718505859375,316.941650390625,704.0916137695312,0.4758438766002655,1,IM_02807.JPG
348,1112.309814453125,659.4517822265625,1178.804931640625,801.0690307617188,0.3961176872253418,1,IM_02807.JPG
348,1060.977783203125,604.2423095703125,1178.1055908203125,786.942626953125,0.3295375108718872,1,IM_02807.JPG
348,1092.26220703125,636.9263305664062,1178.288330078125,800.4998779296875,0.27821505069732666,1,IM_02807.JPG
348,182.18865966796875,614.632568359375,259.8892822265625,702.7904052734375,0.2592994272708893,1,IM_02807.JPG
349,182.7698211669922,608.6727294921875,314.9696044921875,704.2911987304688,0.6493771076202393,1,IM_02808.JPG
349,1657.21142578125,726.20068359375,1918.6380615234375,1019.7394409179688,0.43203485012054443,1,IM_02808.JPG
349,90.85057830810547,609.18017578125,130.90191650390625,693.448974609375,0.25472527742385864,1,IM_02808.JPG
350,181.65953063964844,603.0474243164062,317.0230712890625,704.1776123046875,0.645512580871582,1,IM_02809.JPG
351,181.79595947265625,606.097412109375,316.67437744140625,704.3309326171875,0.5733233690261841,1,IM_02810.JPG
351,182.3588104248047,611.7460327148438,233.77688598632812,702.58154296875,0.25180864334106445,1,IM_02810.JPG
353,912.7342529296875,615.274658203125,1032.107666015625,827.9027099609375,0.8219029903411865,1,IM_02819.JPG
354,1373.8798828125,732.9882202148438,1739.4063720703125,1022.2261962890625,0.8386083245277405,1,IM_02820.JPG
355,1037.1397705078125,619.7147827148438,1147.986328125,756.8111572265625,0.6977103352546692,1,IM_02831.JPG
355,189.18736267089844,636.438232421875,315.19580078125,704.445068359375,0.2626524865627289,1,IM_02831.JPG
355,184.83737182617188,634.0250854492188,313.895751953125,705.3485717773438,0.25525790452957153,1,IM_02831.JPG
355,0.0,621.7101440429688,33.22651290893555,686.0450439453125,0.25248032808303833,1,IM_02831.JPG
356,188.817626953125,635.8695678710938,313.57757568359375,705.7064819335938,0.31160521507263184,1,IM_02832.JPG
357,1154.22509765625,616.3308715820312,1258.6461181640625,729.1575927734375,0.7237932085990906,1,IM_02891.JPG
357,186.54019165039062,639.0487060546875,240.47994995117188,702.3550415039062,0.3156900107860565,1,IM_02891.JPG
358,932.2311401367188,585.4451904296875,980.1769409179688,664.363525390625,0.6406786441802979,1,IM_02892.JPG
358,187.91116333007812,637.34423828125,240.2754364013672,701.9959716796875,0.30923575162887573,1,IM_02892.JPG
358,183.240478515625,639.4576416015625,239.04486083984375,702.891845703125,0.29568272829055786,1,IM_02892.JPG
359,990.0889892578125,605.3155517578125,1078.746826171875,761.1463623046875,0.759609580039978,1,IM_02893.JPG
359,185.33740234375,630.251953125,309.7120666503906,703.7977294921875,0.5054743885993958,1,IM_02893.JPG
360,182.8526611328125,630.3128662109375,308.4527587890625,704.169677734375,0.4448358714580536,1,IM_02894.JPG
361,1208.809814453125,610.0845947265625,1318.711181640625,760.8944091796875,0.8479481935501099,1,IM_02899.JPG
361,185.6953582763672,614.1533203125,313.54986572265625,704.2351684570312,0.5166721343994141,1,IM_02899.JPG
362,1764.67626953125,711.2345581054688,1919.380859375,881.11669921875,0.6514642238616943,1,IM_02900.JPG
362,250.83013916015625,611.9142456054688,315.1020812988281,693.96875,0.26669564843177795,1,IM_02900.JPG
362,249.73544311523438,626.231201171875,314.5447998046875,695.385009765625,0.25661563873291016,1,IM_02900.JPG
362,250.64456176757812,612.4859619140625,315.925048828125,693.8728637695312,0.25413188338279724,1,IM_02900.JPG
363,1302.161376953125,610.3807373046875,1487.85595703125,828.5615234375,0.8789181709289551,1,IM_02927.JPG
363,185.50643920898438,612.33740234375,310.6688232421875,703.2091064453125,0.5984118580818176,1,IM_02927.JPG
363,0.0,617.0886840820312,35.60887145996094,689.5973510742188,0.3224186897277832,1,IM_02927.JPG
364,1037.7763671875,581.3865356445312,1091.206298828125,687.25830078125,0.6572600603103638,1,IM_02951.JPG
364,185.44102478027344,628.398193359375,308.01171875,702.9640502929688,0.5091423392295837,1,IM_02951.JPG
365,185.30294799804688,630.1373901367188,307.81597900390625,703.0734252929688,0.5277048945426941,1,IM_02952.JPG
366,185.45867919921875,626.283203125,309.0506591796875,702.6629638671875,0.5315266847610474,1,IM_02955.JPG
367,185.05921936035156,629.5013427734375,307.8293151855469,703.1771240234375,0.5985847115516663,1,IM_02956.JPG
368,882.0906372070312,592.76953125,947.3604125976562,712.7381591796875,0.5599664449691772,1,IM_02957.JPG
368,185.30374145507812,631.4097900390625,307.8285827636719,702.9490966796875,0.5456221699714661,1,IM_02957.JPG
368,889.60986328125,589.3721923828125,963.4888916015625,712.9180908203125,0.26977211236953735,1,IM_02957.JPG
369,1144.57177734375,651.2867431640625,1290.87548828125,845.7952880859375,0.8290983438491821,1,IM_02958.JPG
369,185.25372314453125,629.89013671875,307.27874755859375,703.05126953125,0.552886962890625,1,IM_02958.JPG
370,184.69122314453125,629.5123901367188,308.9130859375,703.1577758789062,0.5380731225013733,1,IM_02973.JPG
371,184.9451904296875,626.2159423828125,307.001708984375,702.53173828125,0.5472632646560669,1,IM_02974.JPG
372,185.60870361328125,615.7071533203125,312.60601806640625,702.6214599609375,0.5820435881614685,1,IM_02975.JPG
373,184.901611328125,615.8792724609375,311.7090759277344,702.9609375,0.5850703716278076,1,IM_02976.JPG
374,184.64523315429688,614.7909545898438,312.5858154296875,703.037353515625,0.5669345259666443,1,IM_02977.JPG
375,945.87890625,583.5265502929688,1005.2706298828125,702.29541015625,0.6039717197418213,1,IM_03075.JPG
375,184.9468536376953,628.58984375,306.97467041015625,702.0765991210938,0.4090229868888855,1,IM_03075.JPG
375,0.0,618.6204833984375,33.30630111694336,686.3629150390625,0.3476863205432892,1,IM_03075.JPG
376,1054.2772216796875,609.1459350585938,1125.1964111328125,715.3809814453125,0.6001137495040894,1,IM_03119.JPG
376,934.8912963867188,612.402587890625,1040.9814453125,756.3041381835938,0.528324544429779,1,IM_03119.JPG
376,184.83187866210938,631.509521484375,313.2556457519531,702.6837158203125,0.43259936571121216,1,IM_03119.JPG
376,979.1947631835938,619.34814453125,1038.80810546875,755.6676025390625,0.3230496644973755,1,IM_03119.JPG
377,184.76068115234375,628.04248046875,320.2860412597656,702.8267211914062,0.5068362355232239,1,IM_03120.JPG
377,830.304931640625,596.9365844726562,895.6556396484375,633.3875732421875,0.368692010641098,1,IM_03120.JPG
378,1542.662109375,648.529541015625,1738.761474609375,857.41845703125,0.8561378121376038,1,IM_03159.JPG
378,0.009730339050292969,620.3948974609375,34.78050231933594,686.5175170898438,0.3773871660232544,1,IM_03159.JPG
379,198.63143920898438,608.8478393554688,240.98574829101562,679.1464233398438,0.27416229248046875,1,IM_03215.JPG
380,0.0,617.9222412109375,36.99106216430664,686.5205078125,0.37839293479919434,1,IM_03216.JPG
381,832.3976440429688,566.975830078125,890.3556518554688,654.7362670898438,0.34644022583961487,1,IM_03217.JPG
381,0.0,613.2020874023438,35.31180191040039,686.4713134765625,0.2955367863178253,1,IM_03217.JPG
382,831.1640625,574.169677734375,898.7545166015625,680.1683349609375,0.3971848785877228,1,IM_03218.JPG
382,0.0047321319580078125,613.9246215820312,34.35295104980469,686.6973266601562,0.27779027819633484,1,IM_03218.JPG
384,0.0,619.5193481445312,34.19858932495117,686.1163940429688,0.2639249861240387,1,IM_03222.JPG
384,0.0,621.438232421875,36.19979476928711,686.601806640625,0.25778859853744507,1,IM_03222.JPG
385,1296.6273193359375,634.6640625,1461.4178466796875,821.2904663085938,0.8249308466911316,1,IM_03237.JPG
386,864.3378295898438,585.580078125,937.8905639648438,668.6537475585938,0.4804307818412781,1,IM_03238.JPG
386,890.22216796875,581.1934814453125,939.4509887695312,668.691650390625,0.3421573042869568,1,IM_03238.JPG
386,0.0020198822021484375,618.143798828125,33.826114654541016,685.8258056640625,0.26155945658683777,1,IM_03238.JPG
386,0.1223287582397461,619.9495239257812,35.211036682128906,686.568359375,0.26060110330581665,1,IM_03238.JPG
389,363.0863037109375,623.8945922851562,423.57708740234375,681.3175659179688,0.35099557042121887,1,IM_03311.JPG
390,360.46966552734375,629.867919921875,412.5608825683594,680.2378540039062,0.2896881401538849,1,IM_03312.JPG
390,359.901611328125,628.630859375,412.385986328125,681.406982421875,0.2828904092311859,1,IM_03312.JPG
393,1376.063720703125,592.872314453125,1523.547119140625,772.9749755859375,0.8096135258674622,1,IM_03335.JPG
394,1075.692138671875,586.7572631835938,1148.5823974609375,690.309814453125,0.3717248737812042,1,IM_03336.JPG
394,1051.4219970703125,592.9729614257812,1150.7607421875,692.398193359375,0.2684600055217743,1,IM_03336.JPG
395,1.2331695556640625,621.831787109375,275.0975646972656,833.117919921875,0.7829036116600037,1,IM_03337.JPG
396,92.66189575195312,635.6478271484375,390.7099914550781,843.5824584960938,0.7976025938987732,1,IM_03338.JPG
396,0.0012359619140625,621.39697265625,38.421653747558594,686.4669799804688,0.2682304382324219,1,IM_03338.JPG
396,1892.8121337890625,755.4933471679688,1919.4063720703125,884.5308837890625,0.2590099275112152,1,IM_03338.JPG
397,205.00640869140625,612.1505126953125,239.91363525390625,678.8150024414062,0.25306519865989685,1,IM_03339.JPG
399,192.40878295898438,633.5293579101562,461.74017333984375,793.1705932617188,0.8089501857757568,1,IM_03341.JPG
399,0.06286239624023438,619.0881958007812,38.35293960571289,686.99169921875,0.35444703698158264,1,IM_03341.JPG
400,925.96875,595.5601806640625,1170.9722900390625,785.085693359375,0.85880446434021,1,IM_03342.JPG
401,1359.66259765625,617.9163208007812,1441.0047607421875,727.447265625,0.584620475769043,1,IM_03343.JPG
401,204.1881103515625,612.9639282226562,241.07394409179688,679.8031005859375,0.2791271507740021,1,IM_03343.JPG
402,1346.1629638671875,603.8397216796875,1428.5538330078125,726.1883544921875,0.5169607996940613,1,IM_03344.JPG
402,204.74913024902344,613.2845458984375,240.4559783935547,679.03076171875,0.2589772045612335,1,IM_03344.JPG
403,1101.093505859375,591.142578125,1269.62646484375,681.9185791015625,0.6063530445098877,1,IM_03345.JPG
403,1337.9425048828125,616.1028442382812,1430.9219970703125,728.3358764648438,0.5567184686660767,1,IM_03345.JPG
403,203.83218383789062,613.1522827148438,240.30894470214844,679.5902709960938,0.25606751441955566,1,IM_03345.JPG
404,1349.170654296875,629.6340942382812,1424.736572265625,727.4050903320312,0.408647745847702,1,IM_03346.JPG
404,1214.787841796875,595.265869140625,1325.472900390625,694.3587646484375,0.2592312693595886,1,IM_03346.JPG
404,1197.5682373046875,592.427978515625,1330.8681640625,693.9420166015625,0.2566245496273041,1,IM_03346.JPG
404,204.70046997070312,612.4022827148438,241.008544921875,679.0208129882812,0.25593072175979614,1,IM_03346.JPG
405,1346.649658203125,601.33837890625,1426.5048828125,728.3018798828125,0.5533650517463684,1,IM_03347.JPG
405,202.73204040527344,613.0691528320312,240.32386779785156,679.0684814453125,0.29680949449539185,1,IM_03347.JPG
406,1350.383056640625,601.9593505859375,1424.341552734375,728.0028076171875,0.5773394107818604,1,IM_03348.JPG
406,1335.572509765625,621.2955322265625,1422.09033203125,727.54248046875,0.3068896234035492,1,IM_03348.JPG
406,204.30715942382812,613.3572998046875,240.03433227539062,679.0511474609375,0.26234710216522217,1,IM_03348.JPG
407,1354.94091796875,601.8106689453125,1423.4044189453125,728.3956298828125,0.5967714786529541,1,IM_03349.JPG
407,1193.349609375,581.2342529296875,1349.6209716796875,703.8528442382812,0.3963969349861145,1,IM_03349.JPG
407,202.3509063720703,613.5826416015625,240.1636505126953,679.109375,0.2985059320926666,1,IM_03349.JPG
408,1351.95654296875,617.3973388671875,1420.7685546875,728.7113037109375,0.5803337097167969,1,IM_03350.JPG
408,1199.26171875,585.5758056640625,1347.8822021484375,700.1141357421875,0.37571316957473755,1,IM_03350.JPG
408,201.9246826171875,612.3822021484375,241.1744384765625,679.3104858398438,0.2805722951889038,1,IM_03350.JPG
409,1340.849853515625,592.479736328125,1422.953857421875,727.594970703125,0.599962055683136,1,IM_03351.JPG
409,204.08802795410156,609.506591796875,240.50587463378906,679.77880859375,0.2965189516544342,1,IM_03351.JPG
409,1196.768798828125,583.3917236328125,1345.050048828125,697.5638427734375,0.28277647495269775,1,IM_03351.JPG
410,1350.0498046875,601.8085327148438,1422.7532958984375,727.16455078125,0.5608397722244263,1,IM_03352.JPG
410,203.25384521484375,610.4465942382812,241.61004638671875,679.3453979492188,0.29142889380455017,1,IM_03352.JPG
410,1324.6021728515625,593.5374145507812,1423.12939453125,726.8724365234375,0.2868172526359558,1,IM_03352.JPG
411,1336.9134521484375,612.744384765625,1417.543701171875,728.1859741210938,0.4711652398109436,1,IM_03353.JPG
411,196.68470764160156,612.78076171875,240.7671661376953,679.0341796875,0.3026927411556244,1,IM_03353.JPG
412,1342.833251953125,612.5911254882812,1416.4771728515625,728.2572021484375,0.4419213831424713,1,IM_03354.JPG
412,200.62643432617188,612.9124755859375,240.8370361328125,679.3636474609375,0.28671035170555115,1,IM_03354.JPG
413,1344.969482421875,605.3262939453125,1426.277099609375,729.155517578125,0.4052533507347107,1,IM_03355.JPG
413,203.1131591796875,611.3836669921875,240.25970458984375,678.894287109375,0.2849949896335602,1,IM_03355.JPG
414,1232.347412109375,585.1868896484375,1340.7484130859375,697.4830322265625,0.36526915431022644,1,IM_03356.JPG
414,1341.32177734375,595.8197021484375,1425.957763671875,728.4027099609375,0.34720003604888916,1,IM_03356.JPG
414,200.74099731445312,611.1234130859375,240.1343994140625,679.32470703125,0.25259554386138916,1,IM_03356.JPG
415,1335.162353515625,610.8521728515625,1420.72021484375,729.2260131835938,0.4753522574901581,1,IM_03357.JPG
415,1358.427490234375,605.0018310546875,1424.6181640625,729.4224853515625,0.3524187505245209,1,IM_03357.JPG
415,202.02401733398438,611.828125,239.99111938476562,679.0650634765625,0.2586906850337982,1,IM_03357.JPG
416,1335.1932373046875,600.0481567382812,1422.1187744140625,728.7584838867188,0.48601582646369934,1,IM_03358.JPG
416,1337.2581787109375,602.49169921875,1419.21337890625,727.881591796875,0.3954262137413025,1,IM_03358.JPG
416,1330.7998046875,600.7735595703125,1419.5926513671875,727.6861572265625,0.37197190523147583,1,IM_03358.JPG
416,1339.0938720703125,608.25634765625,1416.003662109375,728.3950805664062,0.3672315180301666,1,IM_03358.JPG
416,1327.2855224609375,601.85107421875,1418.7186279296875,727.554443359375,0.35882967710494995,1,IM_03358.JPG
416,1353.9759521484375,602.625244140625,1421.869873046875,728.343017578125,0.35651206970214844,1,IM_03358.JPG
416,1358.8443603515625,601.865234375,1417.5333251953125,727.673095703125,0.29196697473526,1,IM_03358.JPG
416,202.3542938232422,612.8358154296875,239.8118133544922,679.21044921875,0.2883649468421936,1,IM_03358.JPG
417,198.88851928710938,611.0919189453125,240.99261474609375,679.393310546875,0.30836719274520874,1,IM_03359.JPG
418,1349.413818359375,603.29931640625,1413.59814453125,728.7994384765625,0.4368751645088196,1,IM_03360.JPG
418,1357.4681396484375,594.2620239257812,1428.075439453125,725.88427734375,0.2958700358867645,1,IM_03360.JPG
418,1329.765380859375,596.4673461914062,1416.8221435546875,728.0875854492188,0.2716975808143616,1,IM_03360.JPG
419,1344.650634765625,613.6973876953125,1415.884521484375,730.6005249023438,0.42467620968818665,1,IM_03361.JPG
419,1347.1669921875,610.5655517578125,1418.4752197265625,728.091796875,0.40590354800224304,1,IM_03361.JPG
419,1347.4716796875,610.2474975585938,1416.8543701171875,727.348388671875,0.37315768003463745,1,IM_03361.JPG
419,1348.40087890625,609.9212036132812,1419.084716796875,726.660400390625,0.3480721116065979,1,IM_03361.JPG
419,1205.955810546875,576.905517578125,1350.0450439453125,702.5360107421875,0.332383394241333,1,IM_03361.JPG
419,1345.953369140625,621.15576171875,1419.971923828125,729.3880615234375,0.3268987536430359,1,IM_03361.JPG
419,1346.54931640625,609.833984375,1419.839111328125,728.8382568359375,0.3096011281013489,1,IM_03361.JPG
419,1346.93115234375,615.3798828125,1415.934326171875,728.0740966796875,0.2507595717906952,1,IM_03361.JPG
419,1198.88427734375,579.8203125,1347.94287109375,696.8292846679688,0.2505358159542084,1,IM_03361.JPG
420,1348.61669921875,601.51220703125,1414.39404296875,727.81396484375,0.43950366973876953,1,IM_03362.JPG
420,1314.460693359375,587.2613525390625,1422.4442138671875,724.8546752929688,0.28177544474601746,1,IM_03362.JPG
420,1329.4326171875,591.7611694335938,1416.84130859375,727.156494140625,0.27852576971054077,1,IM_03362.JPG
420,1304.742431640625,588.1661376953125,1420.21630859375,726.3396606445312,0.2760380506515503,1,IM_03362.JPG
421,1332.874267578125,597.2672119140625,1421.412109375,727.35546875,0.5574952960014343,1,IM_03363.JPG
421,201.83152770996094,612.728271484375,240.66966247558594,679.0789794921875,0.2857019007205963,1,IM_03363.JPG
421,1358.0731201171875,601.17578125,1417.5927734375,728.0112915039062,0.27124378085136414,1,IM_03363.JPG
422,1344.28076171875,600.5839233398438,1422.37451171875,727.0430908203125,0.498433381319046,1,IM_03364.JPG
422,1199.9912109375,577.1343994140625,1347.107666015625,704.0582275390625,0.26525697112083435,1,IM_03364.JPG
423,989.7022705078125,616.43408203125,1104.397216796875,778.2420043945312,0.5884215235710144,1,IM_03365.JPG
423,1330.7186279296875,599.1948852539062,1421.61962890625,728.4169921875,0.5018832683563232,1,IM_03365.JPG
423,1359.0009765625,600.2288208007812,1419.6292724609375,728.1671752929688,0.3408452570438385,1,IM_03365.JPG
423,200.447021484375,613.3361206054688,241.08096313476562,679.4844360351562,0.29063722491264343,1,IM_03365.JPG
424,858.1585693359375,583.502685546875,902.3360595703125,663.8643188476562,0.5894823670387268,1,IM_03366.JPG
424,1336.163330078125,596.4389038085938,1420.6041259765625,728.336181640625,0.47469228506088257,1,IM_03366.JPG
425,1345.3533935546875,596.18017578125,1417.159912109375,724.860107421875,0.3939873278141022,1,IM_03367.JPG
426,1352.2210693359375,597.54296875,1416.232421875,725.7078857421875,0.44845858216285706,1,IM_03368.JPG
426,1303.44189453125,591.3707275390625,1416.3636474609375,724.11376953125,0.327847957611084,1,IM_03368.JPG
427,1298.75439453125,596.5068359375,1414.32470703125,719.5732421875,0.5871603488922119,1,IM_03369.JPG
427,1189.587890625,593.3474731445312,1321.49755859375,697.0430908203125,0.2516462802886963,1,IM_03369.JPG
428,1191.4830322265625,589.2938232421875,1417.9896240234375,718.9564208984375,0.5817540287971497,1,IM_03370.JPG
428,1295.901611328125,590.139892578125,1416.753173828125,721.2904052734375,0.33913689851760864,1,IM_03370.JPG
429,1371.4268798828125,606.679931640625,1476.577392578125,721.8135986328125,0.5308783054351807,1,IM_03371.JPG
429,1194.337890625,595.6005249023438,1477.8094482421875,725.1439819335938,0.43109598755836487,1,IM_03371.JPG
430,1235.7784423828125,602.3014526367188,1474.2802734375,727.20556640625,0.377788782119751,1,IM_03372.JPG
430,1334.155517578125,605.4742431640625,1476.77197265625,720.4049072265625,0.36999866366386414,1,IM_03372.JPG
431,1326.17626953125,606.3059692382812,1475.213623046875,722.1199951171875,0.5267148613929749,1,IM_03373.JPG
432,1331.72900390625,605.5504760742188,1475.3505859375,722.0072021484375,0.44530388712882996,1,IM_03374.JPG
432,1221.953125,603.4901123046875,1475.07470703125,730.6046142578125,0.2798192501068115,1,IM_03374.JPG
433,1371.15625,606.6953125,1474.302490234375,721.8956298828125,0.4694727063179016,1,IM_03375.JPG
433,1205.39599609375,593.7315063476562,1475.138427734375,728.4354248046875,0.35759690403938293,1,IM_03375.JPG
434,1370.7088623046875,606.5982666015625,1475.321044921875,721.646728515625,0.4953831434249878,1,IM_03376.JPG
435,1199.5272216796875,598.177490234375,1475.1038818359375,723.7338256835938,0.5369766354560852,1,IM_03377.JPG
435,1376.968017578125,606.2498779296875,1475.2144775390625,721.8800048828125,0.46693557500839233,1,IM_03377.JPG
436,1380.28271484375,610.2506103515625,1474.34326171875,721.8592529296875,0.5045915842056274,1,IM_03378.JPG
437,1354.4285888671875,605.4885864257812,1475.5924072265625,722.1256713867188,0.5089714527130127,1,IM_03379.JPG
438,1372.954345703125,606.7252197265625,1476.22802734375,721.4423217773438,0.5056462287902832,1,IM_03380.JPG
439,1375.7064208984375,608.3025512695312,1475.92626953125,721.574462890625,0.43523120880126953,1,IM_03381.JPG
440,1376.3089599609375,607.45458984375,1475.3624267578125,721.6064453125,0.46496301889419556,1,IM_03382.JPG
441,1378.80859375,608.1221313476562,1476.304931640625,721.6288452148438,0.41879650950431824,1,IM_03383.JPG
442,1374.8902587890625,608.7603759765625,1474.799072265625,721.8171997070312,0.4483189582824707,1,IM_03384.JPG
443,1335.8406982421875,607.2584228515625,1475.406494140625,720.4593505859375,0.38043028116226196,1,IM_03385.JPG
444,1371.2215576171875,607.5670166015625,1474.24853515625,721.880126953125,0.4263281226158142,1,IM_03386.JPG
444,1273.537841796875,597.7853393554688,1335.656494140625,697.8233642578125,0.36782515048980713,1,IM_03386.JPG
444,1224.34130859375,589.4278564453125,1337.2763671875,700.4432373046875,0.3276884853839874,1,IM_03386.JPG
445,1750.6483154296875,782.1578979492188,1919.1639404296875,1012.6265258789062,0.6744558215141296,1,IM_03387.JPG
445,1647.908935546875,705.4537353515625,1810.9306640625,842.783203125,0.6637271046638489,1,IM_03387.JPG
445,1370.3035888671875,605.856201171875,1475.2640380859375,722.1748046875,0.4075454771518707,1,IM_03387.JPG
445,1277.2198486328125,594.23046875,1336.3856201171875,697.6729736328125,0.4044635593891144,1,IM_03387.JPG
445,1258.6025390625,588.939453125,1334.4635009765625,696.8843383789062,0.3296608030796051,1,IM_03387.JPG
446,1475.868408203125,685.8968505859375,1872.4383544921875,1005.931396484375,0.6968324184417725,1,IM_03388.JPG
446,1356.64794921875,606.686767578125,1475.1953125,717.188720703125,0.4414839446544647,1,IM_03388.JPG
446,1578.05419921875,723.1068115234375,1873.711669921875,1007.7354125976562,0.3954467177391052,1,IM_03388.JPG
446,1275.820068359375,595.499267578125,1335.3392333984375,697.8857421875,0.38227948546409607,1,IM_03388.JPG
446,1476.2421875,687.7992553710938,1615.5289306640625,823.2108764648438,0.3532573878765106,1,IM_03388.JPG
447,911.2398681640625,627.9688110351562,1035.00390625,762.90234375,0.4928266704082489,1,IM_03389.JPG
447,1274.2071533203125,592.441650390625,1335.0135498046875,698.3075561523438,0.40744736790657043,1,IM_03389.JPG
447,1372.0013427734375,608.6785888671875,1473.8282470703125,721.9652099609375,0.35937294363975525,1,IM_03389.JPG
447,1086.9796142578125,599.6262817382812,1141.253173828125,688.2520751953125,0.30525845289230347,1,IM_03389.JPG
448,900.471435546875,611.0839233398438,982.4398193359375,731.26025390625,0.6092347502708435,1,IM_03390.JPG
448,1341.707275390625,603.3515014648438,1474.17138671875,720.546142578125,0.3845821022987366,1,IM_03390.JPG
448,1277.5689697265625,596.3179931640625,1335.368408203125,698.0787963867188,0.3753090798854828,1,IM_03390.JPG
448,1383.1365966796875,603.0653686523438,1476.8734130859375,721.37109375,0.350089967250824,1,IM_03390.JPG
448,880.9969482421875,602.0830078125,985.353515625,719.1705322265625,0.31124794483184814,1,IM_03390.JPG
448,883.9229736328125,615.17236328125,958.1121826171875,729.2273559570312,0.30536627769470215,1,IM_03390.JPG
448,931.4368286132812,615.0234375,983.4380493164062,731.4369506835938,0.2567007839679718,1,IM_03390.JPG
449,834.5635986328125,580.38134765625,875.0861206054688,654.1468505859375,0.6049056649208069,1,IM_03391.JPG
449,1370.741455078125,605.65771484375,1475.5341796875,722.1881103515625,0.42441481351852417,1,IM_03391.JPG
449,988.8896484375,567.4527587890625,1030.1143798828125,644.6942138671875,0.37727734446525574,1,IM_03391.JPG
449,1234.1812744140625,588.6929931640625,1330.1798095703125,696.4443359375,0.3265538811683655,1,IM_03391.JPG
449,1316.9996337890625,603.57470703125,1475.199462890625,718.2127685546875,0.26995813846588135,1,IM_03391.JPG
450,1367.281005859375,609.420654296875,1474.15087890625,722.1807861328125,0.44598519802093506,1,IM_03392.JPG
450,1226.88134765625,588.6888427734375,1330.119140625,696.3369140625,0.3341678977012634,1,IM_03392.JPG
450,1311.2423095703125,606.4315795898438,1474.2679443359375,718.2918090820312,0.2728421092033386,1,IM_03392.JPG
451,1368.990234375,608.22265625,1474.3729248046875,722.0069580078125,0.28027036786079407,1,IM_03393.JPG
451,1191.8701171875,600.0547485351562,1473.1220703125,722.0744018554688,0.2716394364833832,1,IM_03393.JPG
451,1191.86279296875,601.2657470703125,1474.7984619140625,720.7578735351562,0.26252782344818115,1,IM_03393.JPG
451,1354.0672607421875,609.8699340820312,1475.0633544921875,720.608642578125,0.2533981204032898,1,IM_03393.JPG
452,1375.73486328125,606.2183837890625,1476.466796875,721.27490234375,0.3909291923046112,1,IM_03394.JPG
452,1321.620849609375,605.9588623046875,1474.1473388671875,717.1517333984375,0.25871461629867554,1,IM_03394.JPG
453,1339.3311767578125,605.5980224609375,1474.004150390625,720.6380615234375,0.4233325123786926,1,IM_03395.JPG
453,1259.7550048828125,593.5691528320312,1335.0443115234375,698.1683349609375,0.3624381721019745,1,IM_03395.JPG
453,1246.7451171875,587.388671875,1332.416259765625,696.78759765625,0.339435338973999,1,IM_03395.JPG
453,1241.681884765625,588.7364501953125,1334.80859375,699.4484252929688,0.3078095316886902,1,IM_03395.JPG
453,1270.64697265625,587.8386840820312,1333.550537109375,697.68896484375,0.287158340215683,1,IM_03395.JPG
453,1262.227783203125,588.177001953125,1336.153076171875,699.5677490234375,0.27379220724105835,1,IM_03395.JPG
454,1271.2379150390625,589.675048828125,1335.7452392578125,698.8225708007812,0.48333191871643066,1,IM_03396.JPG
454,1382.580078125,605.7403564453125,1475.9813232421875,721.0048828125,0.43904638290405273,1,IM_03396.JPG
454,1345.72509765625,607.1920776367188,1473.916259765625,722.255615234375,0.2920730710029602,1,IM_03396.JPG
455,1373.22021484375,606.225830078125,1474.610107421875,722.2125244140625,0.3409350514411926,1,IM_03397.JPG
456,1393.687255859375,615.2412719726562,1473.37109375,723.0279541015625,0.27282845973968506,1,IM_03398.JPG
459,1371.87060546875,605.8967895507812,1477.29150390625,721.6201782226562,0.43432024121284485,1,IM_03401.JPG
459,852.2400512695312,637.1526489257812,903.9926147460938,684.4237060546875,0.3148222863674164,1,IM_03401.JPG
459,1326.9185791015625,605.2108154296875,1475.2720947265625,717.8179321289062,0.2975885570049286,1,IM_03401.JPG
460,1339.74365234375,605.6973876953125,1474.42578125,720.7418212890625,0.4602912962436676,1,IM_03402.JPG
460,1274.380859375,579.0639038085938,1333.55224609375,706.5584716796875,0.31402587890625,1,IM_03402.JPG
460,1253.9832763671875,581.564453125,1336.892822265625,706.0655517578125,0.3030497133731842,1,IM_03402.JPG
460,1246.47802734375,580.3404541015625,1336.290771484375,708.0616455078125,0.2885168194770813,1,IM_03402.JPG
460,1277.9095458984375,579.0748291015625,1336.96875,705.0352783203125,0.26999837160110474,1,IM_03402.JPG
460,1244.9735107421875,583.6726684570312,1337.5648193359375,709.6817626953125,0.2595766484737396,1,IM_03402.JPG
461,1367.127197265625,605.287841796875,1476.826416015625,722.2723388671875,0.3759196400642395,1,IM_03403.JPG
462,1344.4874267578125,604.984375,1476.465576171875,721.859375,0.41287434101104736,1,IM_03404.JPG
463,1350.9564208984375,606.6932373046875,1474.5379638671875,720.2076416015625,0.43256425857543945,1,IM_03405.JPG
464,1372.999755859375,608.5413818359375,1474.466064453125,722.139892578125,0.28876450657844543,1,IM_03406.JPG
464,1266.9541015625,603.292236328125,1476.020263671875,722.3741455078125,0.2515220046043396,1,IM_03406.JPG
465,1012.3221435546875,592.177001953125,1081.2666015625,717.73388671875,0.7187525033950806,1,IM_03407.JPG
465,1242.238525390625,584.757568359375,1332.57470703125,696.2969970703125,0.3767677843570709,1,IM_03407.JPG
465,1343.8421630859375,607.4092407226562,1475.93212890625,719.5239868164062,0.37356042861938477,1,IM_03407.JPG
465,1196.325439453125,583.6866455078125,1336.310302734375,695.4739990234375,0.3208308517932892,1,IM_03407.JPG
466,1238.4791259765625,585.700439453125,1332.2532958984375,696.09033203125,0.35508862137794495,1,IM_03408.JPG
466,1210.345947265625,596.9903564453125,1333.557373046875,694.819091796875,0.33424025774002075,1,IM_03408.JPG
466,1346.8095703125,607.3965454101562,1473.33056640625,720.6948852539062,0.3129231333732605,1,IM_03408.JPG
467,1238.7891845703125,585.7213134765625,1332.8428955078125,696.903076171875,0.4059380292892456,1,IM_03409.JPG
467,1340.408203125,608.2872314453125,1472.460205078125,718.34716796875,0.3349674940109253,1,IM_03409.JPG
468,1218.35009765625,584.8892211914062,1333.41357421875,696.9627685546875,0.5281980633735657,1,IM_03410.JPG
468,1344.11328125,606.5054931640625,1469.48779296875,718.432373046875,0.33424195647239685,1,IM_03410.JPG
469,930.650390625,599.0521850585938,1006.8460693359375,725.0983276367188,0.6581223011016846,1,IM_03453.JPG
469,1241.403076171875,601.3302612304688,1463.9447021484375,713.2386474609375,0.33868369460105896,1,IM_03453.JPG
469,1380.8402099609375,607.8330688476562,1476.9388427734375,719.39208984375,0.2757534384727478,1,IM_03453.JPG
469,1380.3975830078125,611.3177490234375,1475.276611328125,720.611083984375,0.26231664419174194,1,IM_03453.JPG
470,920.4032592773438,590.5293579101562,969.3381958007812,670.2725219726562,0.4363787770271301,1,IM_03454.JPG
470,1378.770751953125,608.0484619140625,1476.242919921875,720.8489990234375,0.268960177898407,1,IM_03454.JPG
470,1379.3045654296875,606.4689331054688,1477.3187255859375,719.8038940429688,0.26559725403785706,1,IM_03454.JPG
471,1189.9149169921875,627.064208984375,1320.42578125,809.968994140625,0.690264105796814,1,IM_03455.JPG
471,1313.324462890625,605.485107421875,1475.83349609375,719.7423706054688,0.31729856133461,1,IM_03455.JPG
472,948.3905029296875,589.3538818359375,1001.388671875,677.7643432617188,0.33490249514579773,1,IM_03456.JPG
472,948.6484375,594.1903076171875,998.806396484375,678.3397216796875,0.28092122077941895,1,IM_03456.JPG
472,949.8334350585938,598.9111328125,998.2077026367188,679.145263671875,0.27843955159187317,1,IM_03456.JPG
472,1240.468505859375,600.4707641601562,1466.602294921875,714.4720458984375,0.2607690989971161,1,IM_03456.JPG
475,904.641357421875,592.7777709960938,965.178955078125,691.2335815429688,0.2825488746166229,1,IM_03460.JPG
475,905.1031494140625,567.23046875,963.131103515625,681.6048583984375,0.27510595321655273,1,IM_03460.JPG
476,1666.8095703125,623.8551025390625,1918.422607421875,904.0914916992188,0.8708242177963257,1,IM_03498.JPG
476,1245.19091796875,603.1475830078125,1474.188232421875,720.2069091796875,0.31118130683898926,1,IM_03498.JPG
477,1159.08740234375,637.39208984375,1351.8642578125,825.1048583984375,0.7778959274291992,1,IM_03499.JPG
477,1318.21875,603.8527221679688,1476.182373046875,721.9619750976562,0.6301218271255493,1,IM_03499.JPG
478,987.344482421875,612.00048828125,1041.4703369140625,714.0939331054688,0.6788881421089172,1,IM_03500.JPG
478,1239.042724609375,604.4915161132812,1476.30419921875,720.3911743164062,0.27091097831726074,1,IM_03500.JPG
479,1377.296142578125,606.013916015625,1476.7431640625,719.4874267578125,0.2536787688732147,1,IM_03501.JPG
480,1240.875244140625,597.8795776367188,1470.2919921875,716.61865234375,0.3156914710998535,1,IM_03502.JPG
480,1242.323486328125,601.1149291992188,1472.0411376953125,717.803466796875,0.28837862610816956,1,IM_03502.JPG
483,1281.9686279296875,605.8951416015625,1478.76416015625,719.5018310546875,0.3194206655025482,1,IM_03512.JPG
483,1313.6431884765625,605.8125,1439.2999267578125,712.2777099609375,0.2548239529132843,1,IM_03512.JPG
484,839.135009765625,586.945068359375,904.9736938476562,689.85205078125,0.5671969652175903,1,IM_03513.JPG
484,676.9307861328125,590.233154296875,720.2700805664062,640.5455932617188,0.3258470892906189,1,IM_03513.JPG
484,1249.9769287109375,605.0194091796875,1478.4124755859375,719.6190795898438,0.28070878982543945,1,IM_03513.JPG
485,998.392822265625,610.9859619140625,1115.8172607421875,762.1431884765625,0.8106749057769775,1,IM_03514.JPG
485,1219.949951171875,602.1302490234375,1474.429443359375,721.5346069335938,0.27801647782325745,1,IM_03514.JPG
485,1314.6104736328125,607.994384765625,1441.402587890625,712.3602905273438,0.27742424607276917,1,IM_03514.JPG
486,944.72607421875,597.4414672851562,1030.4761962890625,742.9696655273438,0.7054306268692017,1,IM_03515.JPG
486,1311.808837890625,606.9100341796875,1476.552490234375,719.0306396484375,0.29384300112724304,1,IM_03515.JPG
487,1794.5731201171875,817.127685546875,1918.8955078125,1021.332763671875,0.7297464609146118,1,IM_03516.JPG
487,1382.328125,607.8922119140625,1477.656982421875,720.8501586914062,0.29796046018600464,1,IM_03516.JPG
488,1331.4876708984375,605.0330810546875,1477.59521484375,720.7623291015625,0.3664012849330902,1,IM_03517.JPG
490,828.720703125,587.2396240234375,887.8798828125,682.939208984375,0.4795539081096649,1,IM_03525.JPG
490,1232.324951171875,601.2410888671875,1468.06689453125,723.5890502929688,0.29459771513938904,1,IM_03525.JPG
490,1236.18359375,602.669189453125,1470.536376953125,722.7171630859375,0.25643211603164673,1,IM_03525.JPG
491,1242.764404296875,638.9091186523438,1431.298583984375,872.3463134765625,0.7591981887817383,1,IM_03526.JPG
491,1361.467041015625,626.3272705078125,1477.400146484375,722.7528076171875,0.322899729013443,1,IM_03526.JPG
492,1341.19482421875,627.25048828125,1554.113525390625,846.1748657226562,0.8689350485801697,1,IM_03527.JPG
492,1275.3424072265625,615.168212890625,1387.819091796875,714.5199584960938,0.26643964648246765,1,IM_03527.JPG
493,1268.505615234375,605.4295654296875,1476.810791015625,722.4410400390625,0.6876654624938965,1,IM_03528.JPG
493,979.5899658203125,604.8751220703125,1043.366943359375,713.8585205078125,0.2633526921272278,1,IM_03528.JPG
494,1312.090576171875,604.6126708984375,1475.729736328125,714.4317016601562,0.2795691192150116,1,IM_03529.JPG
495,1317.6617431640625,606.6116943359375,1477.0631103515625,719.8175048828125,0.3112982511520386,1,IM_03530.JPG
495,1166.82763671875,600.1846923828125,1464.6953125,720.46923828125,0.30704015493392944,1,IM_03530.JPG
496,758.8370361328125,569.7789306640625,817.008544921875,646.8133544921875,0.5398321747779846,1,IM_03549.JPG
496,1381.02099609375,608.4971923828125,1474.1334228515625,722.3829345703125,0.3949049115180969,1,IM_03549.JPG
496,600.773193359375,612.1360473632812,680.8841552734375,663.973388671875,0.3014887571334839,1,IM_03549.JPG
496,1300.163818359375,609.95556640625,1463.834228515625,718.1112060546875,0.2854160964488983,1,IM_03549.JPG
496,1310.070068359375,605.7247924804688,1476.0009765625,722.2332763671875,0.2685542106628418,1,IM_03549.JPG
497,818.1000366210938,584.612060546875,885.5571899414062,700.2294921875,0.7406736612319946,1,IM_03550.JPG
497,647.64892578125,589.5999755859375,708.0047607421875,709.6613159179688,0.5486404299736023,1,IM_03550.JPG
497,1301.084228515625,603.904052734375,1474.070068359375,719.771240234375,0.38523393869400024,1,IM_03550.JPG
497,1380.07080078125,606.9608764648438,1475.1422119140625,721.8070068359375,0.38004302978515625,1,IM_03550.JPG
498,1438.09375,677.7728271484375,1656.30810546875,918.27880859375,0.8972777724266052,1,IM_03553.JPG
498,1298.021240234375,611.7076416015625,1452.21142578125,722.291259765625,0.5092545747756958,1,IM_03553.JPG
499,873.3850708007812,584.4157104492188,947.2673950195312,722.6013793945312,0.7051668167114258,1,IM_03589.JPG
499,1286.4569091796875,609.9066772460938,1475.332763671875,723.3626708984375,0.4885958433151245,1,IM_03589.JPG
500,1117.4439697265625,625.97021484375,1304.8447265625,831.2993774414062,0.8369945287704468,1,IM_03590.JPG
500,1289.96875,626.4512939453125,1475.2510986328125,723.5377197265625,0.313564270734787,1,IM_03590.JPG
501,1027.734130859375,606.0367431640625,1107.8974609375,757.2079467773438,0.7365545630455017,1,IM_03601.JPG
501,1050.366943359375,615.3690185546875,1106.79443359375,756.9764404296875,0.2706610858440399,1,IM_03601.JPG
501,1369.3746337890625,609.081298828125,1477.691650390625,720.7750244140625,0.2689504027366638,1,IM_03601.JPG
501,1376.71728515625,610.1820678710938,1476.54296875,721.6403198242188,0.2689213454723358,1,IM_03601.JPG
501,1296.5145263671875,609.4693603515625,1468.9149169921875,720.3297119140625,0.25128868222236633,1,IM_03601.JPG
501,1377.369873046875,608.369384765625,1475.525390625,721.7026977539062,0.25027376413345337,1,IM_03601.JPG
502,779.677490234375,581.375244140625,851.4383544921875,705.2224731445312,0.5473437905311584,1,IM_03602.JPG
502,888.7559814453125,583.72607421875,937.0377197265625,672.9691162109375,0.5038554072380066,1,IM_03602.JPG
502,1372.4537353515625,607.4842529296875,1477.2764892578125,720.6668701171875,0.29398807883262634,1,IM_03602.JPG
502,884.1697998046875,557.5656127929688,937.078857421875,671.239990234375,0.27620962262153625,1,IM_03602.JPG
503,998.787841796875,596.8038330078125,1104.435302734375,679.089599609375,0.7757783532142639,1,IM_03617.JPG
503,1266.193359375,591.9346923828125,1422.419677734375,719.9141845703125,0.6852696537971497,1,IM_03617.JPG
503,1132.58349609375,608.1688232421875,1269.7803955078125,733.782958984375,0.4475755989551544,1,IM_03617.JPG
503,1133.913330078125,606.94921875,1269.004150390625,736.8978271484375,0.4234756827354431,1,IM_03617.JPG
503,1134.472900390625,608.038818359375,1269.49755859375,735.14892578125,0.4122939705848694,1,IM_03617.JPG
503,1130.124755859375,617.467041015625,1268.868408203125,736.83935546875,0.35172563791275024,1,IM_03617.JPG
503,1132.0206298828125,619.356201171875,1269.126953125,737.1085205078125,0.29204288125038147,1,IM_03617.JPG
503,1130.315185546875,623.1765747070312,1268.76708984375,737.425048828125,0.2795902490615845,1,IM_03617.JPG
504,1262.5277099609375,584.0693359375,1421.4827880859375,719.1846313476562,0.826525092124939,1,IM_03618.JPG
504,824.6017456054688,569.707763671875,949.1130981445312,674.0489501953125,0.7915188074111938,1,IM_03618.JPG
504,1136.7359619140625,603.7457275390625,1267.2557373046875,737.2098999023438,0.6768960952758789,1,IM_03618.JPG
505,1080.4981689453125,577.1922607421875,1196.486328125,687.96630859375,0.8214173316955566,1,IM_03619.JPG
505,900.394775390625,588.75537109375,956.8892211914062,669.905029296875,0.6320061087608337,1,IM_03619.JPG
506,831.5850830078125,571.7952880859375,877.0992431640625,652.55908203125,0.5393296480178833,1,IM_03620.JPG
506,987.93017578125,572.72216796875,1046.468994140625,665.5093994140625,0.3246164321899414,1,IM_03620.JPG
509,1843.841064453125,628.969482421875,1919.205078125,821.0278930664062,0.654914379119873,1,IM_03643.JPG
510,1470.715087890625,619.43359375,1634.647216796875,774.9570922851562,0.8490274548530579,1,IM_03644.JPG
513,1111.2470703125,591.1182861328125,1208.10009765625,713.94873046875,0.5742579102516174,1,IM_03685.JPG
514,1303.62109375,612.6644287109375,1487.308837890625,786.59619140625,0.7410653233528137,1,IM_03709.JPG
516,1465.0784912109375,613.201904296875,1595.19873046875,794.000732421875,0.3729141354560852,1,IM_03713.JPG
517,1074.03564453125,587.7753295898438,1213.8289794921875,699.0866088867188,0.3411600887775421,1,IM_03714.JPG
517,1076.433349609375,583.9714965820312,1145.818115234375,689.0416259765625,0.3132660984992981,1,IM_03714.JPG
518,1494.283203125,687.0776977539062,1774.282958984375,1022.1815185546875,0.8853182196617126,1,IM_03715.JPG
519,1195.1539306640625,661.6767578125,1380.79248046875,881.6090698242188,0.6935344338417053,1,IM_03716.JPG
519,1579.867431640625,693.2667846679688,1728.652099609375,856.3749389648438,0.5195727348327637,1,IM_03716.JPG
519,1516.543701171875,688.404296875,1732.076171875,858.3729248046875,0.43050363659858704,1,IM_03716.JPG
521,744.0752563476562,582.8297119140625,795.3900146484375,640.7921142578125,0.49196481704711914,1,IM_03718.JPG
522,962.179931640625,599.6668701171875,1048.4107666015625,728.0701293945312,0.571415364742279,1,IM_03719.JPG
523,1028.41064453125,623.82568359375,1129.5909423828125,812.143798828125,0.6883023381233215,1,IM_03729.JPG
524,725.06103515625,594.5556640625,797.6050415039062,658.8175048828125,0.389690101146698,1,IM_03731.JPG
524,723.39599609375,575.334228515625,786.179931640625,658.8525390625,0.33821672201156616,1,IM_03731.JPG
524,763.7426147460938,541.2962646484375,789.5927124023438,593.720458984375,0.26208916306495667,1,IM_03731.JPG
525,807.0499877929688,608.016845703125,900.7066040039062,721.1082763671875,0.4065524935722351,1,IM_03732.JPG
530,956.822265625,609.86328125,1052.656982421875,768.0860595703125,0.7951735854148865,1,IM_03771.JPG
530,1310.3717041015625,619.943115234375,1483.595703125,809.1602783203125,0.7820753455162048,1,IM_03771.JPG
531,1785.4346923828125,842.5618896484375,1919.4620361328125,1021.6954345703125,0.36083516478538513,1,IM_03772.JPG
532,1050.04736328125,613.2030029296875,1170.9638671875,811.99365234375,0.7115907669067383,1,IM_03791.JPG
533,917.1693115234375,589.8967895507812,987.1956787109375,712.1050415039062,0.7102792859077454,1,IM_03793.JPG
534,1359.565185546875,670.8643188476562,1602.05517578125,911.9403076171875,0.8650593757629395,1,IM_03794.JPG
535,1747.12451171875,628.0684204101562,1918.90234375,842.3860473632812,0.869316816329956,1,IM_03820.JPG
536,855.5890502929688,608.60791015625,898.4185180664062,629.9105224609375,0.31914252042770386,1,IM_03821.JPG
540,475.0412292480469,722.1219482421875,817.320556640625,1020.1920166015625,0.9043381214141846,1,IM_03853.JPG
540,860.67626953125,617.0564575195312,945.205810546875,719.5746459960938,0.44331470131874084,1,IM_03853.JPG
541,1727.083740234375,723.206787109375,1918.9599609375,952.8084716796875,0.7463459968566895,1,IM_03871.JPG
542,1806.39990234375,690.1366577148438,1919.4697265625,910.1942138671875,0.8574342131614685,1,IM_03879.JPG
542,1034.981201171875,606.9169311523438,1097.54931640625,712.1367797851562,0.7238590121269226,1,IM_03879.JPG
543,1080.171630859375,593.8511352539062,1155.6455078125,718.5794677734375,0.8570024967193604,1,IM_03880.JPG
543,1393.48681640625,630.5633544921875,1582.837646484375,844.269775390625,0.8531538844108582,1,IM_03880.JPG
543,818.21240234375,536.3765258789062,863.40283203125,621.338134765625,0.27808788418769836,1,IM_03880.JPG
544,1341.179931640625,644.718505859375,1526.111328125,880.4268798828125,0.7703492641448975,1,IM_03901.JPG
545,1323.841796875,598.1083374023438,1482.1923828125,757.43359375,0.8674077987670898,1,IM_03905.JPG
546,1011.6212768554688,589.7568969726562,1082.181640625,669.781494140625,0.7169621586799622,1,IM_03906.JPG
547,1328.721435546875,603.2061767578125,1464.2335205078125,771.77880859375,0.7032152414321899,1,IM_03917.JPG
549,687.5077514648438,596.75732421875,932.4424438476562,790.0721435546875,0.8555945754051208,1,IM_03919.JPG
549,96.88343811035156,589.5886840820312,249.83642578125,683.0075073242188,0.30883699655532837,1,IM_03919.JPG
550,1057.586669921875,610.618408203125,1119.027587890625,692.4967041015625,0.7005340456962585,1,IM_03920.JPG
553,1094.373046875,594.623779296875,1162.9837646484375,695.498779296875,0.7271499037742615,1,IM_03955.JPG
555,1247.6353759765625,611.9262084960938,1452.2802734375,861.3643798828125,0.9207575917243958,1,IM_03961.JPG
555,1079.039306640625,624.1397094726562,1227.06640625,880.9260864257812,0.8514501452445984,1,IM_03961.JPG
558,1329.09814453125,617.0560302734375,1504.531494140625,819.2193603515625,0.8177068829536438,1,IM_03985.JPG
564,1379.461181640625,614.3670043945312,1562.6839599609375,820.3465576171875,0.8458250761032104,1,IM_04017.JPG
565,974.2183227539062,599.5928955078125,1068.594482421875,696.5342407226562,0.702796220779419,1,IM_04018.JPG
566,1158.97265625,707.97705078125,1353.2314453125,959.7811279296875,0.8986364603042603,1,IM_04019.JPG
566,1468.0198974609375,677.2891845703125,1724.117431640625,909.4132690429688,0.8904634118080139,1,IM_04019.JPG
568,920.5616455078125,586.8001098632812,992.603759765625,701.3818359375,0.7745710611343384,1,IM_04021.JPG
568,695.2258911132812,594.3822631835938,747.0782470703125,713.4199829101562,0.5661890506744385,1,IM_04021.JPG
569,1354.9991455078125,641.689697265625,1572.146240234375,875.828369140625,0.8399878144264221,1,IM_04022.JPG
569,928.6832885742188,652.7247314453125,1091.248291015625,919.1013793945312,0.8227602243423462,1,IM_04022.JPG
570,1462.5897216796875,664.8910522460938,1742.5352783203125,965.8388671875,0.9070999026298523,1,IM_04053.JPG
572,775.6710205078125,576.6143798828125,823.2586669921875,678.6781005859375,0.5311467051506042,1,IM_04059.JPG
573,964.712646484375,629.45166015625,1074.8336181640625,802.9427490234375,0.49294373393058777,1,IM_04060.JPG
574,893.882080078125,595.7979736328125,965.6510009765625,723.932373046875,0.6306089758872986,1,IM_04065.JPG
575,1199.2685546875,640.236572265625,1358.1494140625,877.4163208007812,0.8553465604782104,1,IM_04066.JPG
576,1117.8585205078125,628.7433471679688,1249.4417724609375,800.05615234375,0.8257060050964355,1,IM_04076.JPG
576,961.547607421875,565.297607421875,1021.7288818359375,640.9912109375,0.2846715450286865,1,IM_04076.JPG
576,962.759765625,573.6619873046875,1022.5341796875,641.9322509765625,0.2675987780094147,1,IM_04076.JPG
577,1340.6171875,620.416015625,1490.2015380859375,812.7652587890625,0.8555264472961426,1,IM_04083.JPG
577,1823.0196533203125,701.3375244140625,1918.9427490234375,978.9605712890625,0.558173656463623,1,IM_04083.JPG
577,555.0027465820312,572.8511962890625,627.6312255859375,667.04931640625,0.5191025733947754,1,IM_04083.JPG
578,195.64878845214844,565.416259765625,367.588134765625,686.460693359375,0.8141695857048035,1,IM_04084.JPG
578,1149.9205322265625,596.89990234375,1225.64404296875,738.130615234375,0.5346155762672424,1,IM_04084.JPG
578,0.13159561157226562,609.1363525390625,107.11819458007812,688.752197265625,0.3607443571090698,1,IM_04084.JPG
578,0.2643928527832031,609.8880615234375,71.88301086425781,688.391357421875,0.29274335503578186,1,IM_04084.JPG
581,166.08279418945312,586.740478515625,324.6405944824219,694.3536376953125,0.8400260806083679,1,IM_04089.JPG
581,332.6278076171875,596.085693359375,544.476318359375,721.6990966796875,0.7751100063323975,1,IM_04089.JPG
581,0.42157745361328125,607.579833984375,66.30451965332031,688.320556640625,0.3637711703777313,1,IM_04089.JPG
581,0.28498077392578125,603.3483276367188,108.2318115234375,689.4719848632812,0.3280346095561981,1,IM_04089.JPG
582,298.0034484863281,592.7854614257812,495.922119140625,721.4287719726562,0.799677848815918,1,IM_04090.JPG
582,160.4728546142578,587.970458984375,317.1019592285156,695.5213623046875,0.7578029632568359,1,IM_04090.JPG
582,788.614013671875,567.010009765625,841.313232421875,641.5559692382812,0.5190082788467407,1,IM_04090.JPG
582,0.5404243469238281,606.4339599609375,66.75973510742188,687.7335205078125,0.4013071656227112,1,IM_04090.JPG
583,1096.8812255859375,609.0888061523438,1171.3720703125,719.54150390625,0.7285708785057068,1,IM_04091.JPG
583,266.2774658203125,585.17578125,462.71875,720.9098510742188,0.7031643986701965,1,IM_04091.JPG
583,0.5198650360107422,608.1578979492188,66.1257095336914,687.87158203125,0.37725698947906494,1,IM_04091.JPG
583,160.26528930664062,582.5550537109375,302.25830078125,697.038818359375,0.35978978872299194,1,IM_04091.JPG
583,161.20098876953125,585.2017822265625,271.91375732421875,696.0098876953125,0.356418639421463,1,IM_04091.JPG
583,159.1624298095703,584.2281494140625,325.3336486816406,697.2587890625,0.34775468707084656,1,IM_04091.JPG
583,0.2249908447265625,605.663330078125,70.75572967529297,688.6427001953125,0.33021992444992065,1,IM_04091.JPG
583,0.4077873229980469,608.323486328125,67.41707611083984,688.16796875,0.3200558125972748,1,IM_04091.JPG
583,0.26731109619140625,604.4196166992188,107.26719665527344,689.0870361328125,0.30257195234298706,1,IM_04091.JPG
583,0.15715599060058594,600.7194213867188,68.12638854980469,687.5429077148438,0.29774224758148193,1,IM_04091.JPG
583,159.53952026367188,581.44580078125,277.1747131347656,696.3115234375,0.2836860418319702,1,IM_04091.JPG
583,159.52896118164062,584.7589111328125,325.4980163574219,696.8238525390625,0.26709553599357605,1,IM_04091.JPG
583,0.026264190673828125,606.0819091796875,90.6855239868164,687.66455078125,0.26674750447273254,1,IM_04091.JPG
584,263.9729919433594,590.11767578125,462.9624938964844,721.2815551757812,0.7465450763702393,1,IM_04092.JPG
584,162.0972442626953,589.1862182617188,315.52880859375,699.194580078125,0.4282677173614502,1,IM_04092.JPG
584,161.71142578125,590.88623046875,273.201171875,697.2508544921875,0.3305708169937134,1,IM_04092.JPG
584,0.5721359252929688,608.0582885742188,66.98793029785156,687.9605712890625,0.30793166160583496,1,IM_04092.JPG
584,0.23855209350585938,605.4370727539062,107.07937622070312,689.0873413085938,0.287494033575058,1,IM_04092.JPG
584,0.187408447265625,606.594970703125,72.49774169921875,688.78857421875,0.2768401801586151,1,IM_04092.JPG
584,0.42917633056640625,608.4453125,68.02476501464844,688.3515625,0.2567877471446991,1,IM_04092.JPG
585,265.4544677734375,592.1881713867188,462.6697082519531,722.4534301757812,0.8004456758499146,1,IM_04093.JPG
585,163.74363708496094,592.2772216796875,281.5646667480469,696.851806640625,0.3620019555091858,1,IM_04093.JPG
585,0.9152412414550781,607.6873779296875,67.32270812988281,687.587646484375,0.3426581025123596,1,IM_04093.JPG
585,0.2758941650390625,605.8846435546875,106.45124816894531,688.6386108398438,0.3083767294883728,1,IM_04093.JPG
586,267.71844482421875,589.0313720703125,464.2847900390625,721.9921264648438,0.7718054056167603,1,IM_04094.JPG
586,0.5253696441650391,606.9075927734375,67.02470397949219,687.87939453125,0.40086933970451355,1,IM_04094.JPG
586,163.8412628173828,591.150146484375,305.5932312011719,698.2846069335938,0.38729605078697205,1,IM_04094.JPG
586,0.19467544555664062,603.7962646484375,107.242431640625,688.8380126953125,0.3405526280403137,1,IM_04094.JPG
587,265.008056640625,594.1891479492188,463.0967102050781,722.6905517578125,0.7753533720970154,1,IM_04095.JPG
587,166.232666015625,587.5142211914062,328.6241455078125,698.0430908203125,0.4607333838939667,1,IM_04095.JPG
587,0.22199249267578125,605.071533203125,108.85517883300781,689.218017578125,0.40666499733924866,1,IM_04095.JPG
587,0.5327110290527344,607.8297119140625,66.10356903076172,688.0582885742188,0.35484299063682556,1,IM_04095.JPG
587,164.95977783203125,583.8429565429688,273.8468017578125,696.5202026367188,0.279946506023407,1,IM_04095.JPG
588,272.933837890625,588.5888061523438,463.72589111328125,721.921630859375,0.7681242823600769,1,IM_04096.JPG
588,165.2439422607422,586.0211791992188,322.93939208984375,697.3623046875,0.40609419345855713,1,IM_04096.JPG
588,0.2946510314941406,608.759521484375,108.09239196777344,689.2564086914062,0.32779791951179504,1,IM_04096.JPG
588,0.7157821655273438,609.6520385742188,66.79666900634766,688.2403564453125,0.30197298526763916,1,IM_04096.JPG
588,164.53060913085938,583.7653198242188,274.56060791015625,695.9111938476562,0.3002288043498993,1,IM_04096.JPG
589,263.3140869140625,589.74169921875,460.8668518066406,722.1302490234375,0.7971140146255493,1,IM_04097.JPG
589,163.75967407226562,590.2060546875,319.4802551269531,698.69287109375,0.5167953372001648,1,IM_04097.JPG
589,0.5556392669677734,607.9329223632812,66.43437194824219,687.752685546875,0.3819635808467865,1,IM_04097.JPG
589,0.18286514282226562,604.6427001953125,107.87257385253906,688.97412109375,0.3375508189201355,1,IM_04097.JPG
590,266.0620422363281,590.985107421875,458.9722595214844,722.3046875,0.7885730266571045,1,IM_04098.JPG
590,163.52064514160156,589.8685302734375,294.50933837890625,698.7684936523438,0.40980538725852966,1,IM_04098.JPG
590,0.7003726959228516,607.7272338867188,66.55506896972656,687.6864624023438,0.3581577241420746,1,IM_04098.JPG
590,0.2766265869140625,604.8521728515625,107.55940246582031,688.7120971679688,0.319631963968277,1,IM_04098.JPG
591,266.46307373046875,590.2516479492188,461.08642578125,722.8280639648438,0.7740035653114319,1,IM_04099.JPG
591,164.93353271484375,592.8936767578125,310.86151123046875,697.6843872070312,0.2928294539451599,1,IM_04099.JPG
591,0.21897125244140625,609.5960083007812,107.98690795898438,688.7552490234375,0.2926817536354065,1,IM_04099.JPG
591,164.19322204589844,588.3612060546875,275.2966003417969,696.8621826171875,0.2892340421676636,1,IM_04099.JPG
591,0.9284191131591797,610.8565673828125,65.31832885742188,687.7431030273438,0.2654836177825928,1,IM_04099.JPG
591,0.22372055053710938,610.6821899414062,69.49980926513672,688.3174438476562,0.2544262707233429,1,IM_04099.JPG
591,163.74722290039062,591.96875,268.1712951660156,695.87646484375,0.25098878145217896,1,IM_04099.JPG
592,295.6913757324219,591.8408203125,476.15826416015625,720.0155029296875,0.8066971302032471,1,IM_04100.JPG
592,164.78302001953125,589.0460815429688,327.5263671875,694.9909057617188,0.6370627880096436,1,IM_04100.JPG
592,0.6793556213378906,608.486572265625,65.91937255859375,687.8565673828125,0.33128345012664795,1,IM_04100.JPG
592,0.20253753662109375,606.09716796875,108.34933471679688,688.9085693359375,0.3302857577800751,1,IM_04100.JPG
592,0.20297813415527344,607.3306274414062,73.28805541992188,688.469970703125,0.29612284898757935,1,IM_04100.JPG
592,0.47257232666015625,609.1355590820312,66.80458068847656,688.0703125,0.29506900906562805,1,IM_04100.JPG
593,287.9661865234375,590.7396240234375,459.56640625,718.5936279296875,0.7748444080352783,1,IM_04101.JPG
593,164.2419891357422,590.65771484375,324.87493896484375,696.676513671875,0.5658437609672546,1,IM_04101.JPG
593,0.5926094055175781,608.3121337890625,65.2327880859375,687.752685546875,0.34511908888816833,1,IM_04101.JPG
593,0.227691650390625,605.611572265625,106.37356567382812,688.839599609375,0.26877906918525696,1,IM_04101.JPG
594,287.8492431640625,590.10888671875,461.94830322265625,718.822509765625,0.7792588472366333,1,IM_04102.JPG
594,163.91293334960938,588.1456298828125,327.7938232421875,696.3302001953125,0.6053464412689209,1,IM_04102.JPG
594,0.6504878997802734,608.7774658203125,65.75337982177734,688.065185546875,0.3285003900527954,1,IM_04102.JPG
594,0.2725982666015625,606.0858764648438,108.14588928222656,688.9762573242188,0.2996486723423004,1,IM_04102.JPG
595,289.0379638671875,592.098388671875,463.0665283203125,718.8727416992188,0.8202114105224609,1,IM_04103.JPG
595,160.64894104003906,594.6324462890625,315.8962097167969,697.1727294921875,0.613705575466156,1,IM_04103.JPG
595,757.8162841796875,590.53564453125,831.0418701171875,708.333984375,0.5655961036682129,1,IM_04103.JPG
595,938.43017578125,609.2173461914062,1038.17578125,789.6375732421875,0.5610262155532837,1,IM_04103.JPG
595,0.5611152648925781,579.3458862304688,66.036865234375,687.6589965820312,0.45223161578178406,1,IM_04103.JPG
596,293.47857666015625,596.474609375,467.4669189453125,719.1787109375,0.8583104610443115,1,IM_04104.JPG
596,989.465576171875,657.4725341796875,1143.5003662109375,922.478515625,0.7805169820785522,1,IM_04104.JPG
596,165.6780242919922,595.8482055664062,315.7493591308594,696.3875732421875,0.5383172631263733,1,IM_04104.JPG
596,0.8835811614990234,608.9697875976562,64.85221099853516,687.513427734375,0.2973170876502991,1,IM_04104.JPG
596,0.2478790283203125,606.6553344726562,108.00654602050781,688.6016235351562,0.27615073323249817,1,IM_04104.JPG
596,0.23501014709472656,607.8623657226562,66.68136596679688,688.0301513671875,0.26484790444374084,1,IM_04104.JPG
596,0.5316123962402344,609.6740112304688,65.86058044433594,687.8329467773438,0.2548971176147461,1,IM_04104.JPG
597,208.60020446777344,595.7481689453125,348.9059143066406,714.579833984375,0.7618709802627563,1,IM_04105.JPG
597,175.3231658935547,587.00830078125,344.821044921875,705.8302001953125,0.3413521647453308,1,IM_04105.JPG
598,220.22372436523438,613.7474365234375,320.5351257324219,749.87744140625,0.6067531108856201,1,IM_04106.JPG
598,0.7241535186767578,606.47021484375,66.22223663330078,687.5408935546875,0.5851877331733704,1,IM_04106.JPG
598,117.80683898925781,582.0167236328125,313.185791015625,711.820556640625,0.3579816520214081,1,IM_04106.JPG
598,118.38125610351562,577.4177856445312,232.64138793945312,705.14794921875,0.34141841530799866,1,IM_04106.JPG
599,899.4885864257812,636.346923828125,1036.724609375,800.4493408203125,0.780816912651062,1,IM_04107.JPG
599,766.6539306640625,566.3043212890625,804.2615966796875,649.1976318359375,0.561535120010376,1,IM_04107.JPG
599,767.5460205078125,563.39111328125,819.5399780273438,649.69287109375,0.36934083700180054,1,IM_04107.JPG
600,943.1363525390625,584.0179443359375,1007.364990234375,698.1883544921875,0.5328116416931152,1,IM_04108.JPG
603,1090.766357421875,599.1590576171875,1170.184326171875,694.78955078125,0.44789841771125793,1,IM_04139.JPG
605,1020.5181884765625,591.4671020507812,1097.445068359375,685.4117431640625,0.7204545140266418,1,IM_04153.JPG
607,964.3613891601562,614.630859375,1061.4781494140625,791.6119995117188,0.6258015632629395,1,IM_04155.JPG
614,1545.2633056640625,619.775146484375,1754.1668701171875,825.2998046875,0.8652512431144714,1,IM_04169.JPG
615,1576.20458984375,651.2111206054688,1845.66259765625,867.7196044921875,0.8821377754211426,1,IM_04170.JPG
615,1266.4075927734375,594.392578125,1373.4854736328125,728.1948852539062,0.7462712526321411,1,IM_04170.JPG
617,1305.836181640625,637.6185913085938,1562.71728515625,876.2904052734375,0.916438639163971,1,IM_04201.JPG
617,864.256591796875,601.873291015625,929.034423828125,722.78857421875,0.5189113616943359,1,IM_04201.JPG
617,862.3822021484375,601.565673828125,965.600341796875,725.0487670898438,0.2530062794685364,1,IM_04201.JPG
621,1471.239990234375,609.9263305664062,1722.3951416015625,794.537841796875,0.8655036091804504,1,IM_04205.JPG
621,777.9254150390625,609.6705322265625,873.1133422851562,717.6982421875,0.5403644442558289,1,IM_04205.JPG
621,1674.9642333984375,666.31298828125,1899.5716552734375,927.7890625,0.378795862197876,1,IM_04205.JPG
621,778.965087890625,615.6363525390625,848.8617553710938,714.0380249023438,0.36538460850715637,1,IM_04205.JPG
622,837.0972290039062,623.90185546875,960.4909057617188,754.72119140625,0.6057776808738708,1,IM_04206.JPG
622,1220.590087890625,595.1868286132812,1358.748291015625,718.2627563476562,0.49650293588638306,1,IM_04206.JPG
622,1417.107177734375,705.5902099609375,1595.4169921875,845.1491088867188,0.3484751582145691,1,IM_04206.JPG
622,1221.5496826171875,593.3994140625,1317.9071044921875,701.7823486328125,0.2617523670196533,1,IM_04206.JPG
623,174.5263214111328,596.0948486328125,359.2529296875,700.9781494140625,0.8621618151664734,1,IM_04221.JPG
623,470.3477783203125,575.8750610351562,589.424560546875,687.861083984375,0.7959573268890381,1,IM_04221.JPG
623,0.5153560638427734,598.9279174804688,63.32783508300781,692.31884765625,0.4183919429779053,1,IM_04221.JPG
623,0.039058685302734375,594.9822998046875,63.45630645751953,692.268798828125,0.4042189121246338,1,IM_04221.JPG
623,0.10186958312988281,597.7222900390625,64.61821746826172,692.6697998046875,0.4012785255908966,1,IM_04221.JPG
623,0.4299888610839844,601.1436157226562,65.52912139892578,692.8169555664062,0.36057591438293457,1,IM_04221.JPG
623,0.44760704040527344,596.1625366210938,62.19038391113281,691.7645263671875,0.32941532135009766,1,IM_04221.JPG
623,0.44583892822265625,598.6551513671875,65.64547729492188,691.677734375,0.28907546401023865,1,IM_04221.JPG
623,0.09499740600585938,597.7598876953125,61.81337356567383,691.2945556640625,0.25140801072120667,1,IM_04221.JPG
624,269.0219421386719,583.55078125,432.31390380859375,693.6414794921875,0.8504730463027954,1,IM_04222.JPG
624,2.0753517150878906,614.7724609375,84.38067626953125,701.356689453125,0.6797322034835815,1,IM_04222.JPG
625,1575.82763671875,633.3404541015625,1795.673583984375,831.71630859375,0.8795307278633118,1,IM_04223.JPG
626,1257.489990234375,601.2679443359375,1395.5899658203125,747.3217163085938,0.7616716027259827,1,IM_04224.JPG
636,813.4630126953125,566.5596923828125,863.662841796875,632.1392211914062,0.38920754194259644,1,IM_04245.JPG
637,992.7306518554688,586.837158203125,1061.3662109375,693.625244140625,0.5161381959915161,1,IM_04246.JPG
638,1328.7711181640625,623.886474609375,1503.36865234375,793.2467041015625,0.8751115202903748,1,IM_04247.JPG
639,967.0986328125,599.97412109375,1043.8905029296875,677.94970703125,0.2763734459877014,1,IM_04248.JPG
639,969.087158203125,613.7774658203125,1040.3031005859375,679.823486328125,0.26567167043685913,1,IM_04248.JPG
641,945.7283935546875,613.9279174804688,1063.190673828125,773.6444091796875,0.5557387471199036,1,IM_04255.JPG
642,1240.16796875,605.889404296875,1380.924560546875,756.3572998046875,0.7434032559394836,1,IM_04262.JPG
643,1111.28271484375,621.86474609375,1232.842041015625,817.61181640625,0.6717042326927185,1,IM_04286.JPG
644,891.2896728515625,582.7383422851562,959.23681640625,685.63720703125,0.7400859594345093,1,IM_04309.JPG
645,1750.9398193359375,708.600830078125,1919.3206787109375,913.5386352539062,0.7864463329315186,1,IM_04310.JPG
646,888.928466796875,587.921875,965.4022216796875,713.8668212890625,0.6645821928977966,1,IM_04344.JPG
647,1305.98828125,650.5863037109375,1476.9166259765625,907.031494140625,0.8736661076545715,1,IM_04345.JPG
648,978.059814453125,590.0059204101562,1040.1201171875,706.9007568359375,0.6515030264854431,1,IM_04346.JPG
649,1226.0380859375,637.3890380859375,1426.976318359375,934.8197021484375,0.74204421043396,1,IM_04351.JPG
650,987.3209838867188,601.7386474609375,1051.4013671875,742.888671875,0.6466264724731445,1,IM_04354.JPG
651,1707.9931640625,634.2294311523438,1918.639892578125,840.724365234375,0.900476336479187,1,IM_04361.JPG
652,959.5008544921875,595.4154052734375,1049.54931640625,736.6488647460938,0.5502760410308838,1,IM_04363.JPG
653,1000.7327880859375,597.9529418945312,1074.04052734375,689.9993286132812,0.6983478665351868,1,IM_04364.JPG
654,1164.08056640625,587.299560546875,1286.58544921875,743.734375,0.6399924755096436,1,IM_04366.JPG
655,831.4586791992188,588.5267333984375,895.8550415039062,707.755126953125,0.6059741377830505,1,IM_04380.JPG
655,639.4122314453125,592.4042358398438,700.344970703125,711.8234252929688,0.5935161113739014,1,IM_04380.JPG
655,1217.0892333984375,614.1732788085938,1276.9786376953125,692.4173583984375,0.2664239704608917,1,IM_04380.JPG
655,1220.9095458984375,629.7542724609375,1270.2308349609375,693.0482177734375,0.2607659697532654,1,IM_04380.JPG
656,1535.881591796875,632.9859008789062,1795.111572265625,866.9423217773438,0.8412485122680664,1,IM_04433.JPG
657,1109.31005859375,615.7586059570312,1248.4222412109375,767.8128662109375,0.7240937948226929,1,IM_04434.JPG
659,1031.052001953125,595.2797241210938,1090.389892578125,686.4244995117188,0.42734211683273315,1,IM_04444.JPG
660,1613.3408203125,697.3262939453125,1919.537109375,1021.923828125,0.7754957675933838,1,IM_04465.JPG
660,929.7683715820312,623.418212890625,1068.86669921875,864.605224609375,0.6510604619979858,1,IM_04465.JPG
661,1488.98779296875,700.6471557617188,1714.98388671875,984.5291748046875,0.8936045169830322,1,IM_04496.JPG
662,1259.5712890625,612.457763671875,1418.951904296875,753.7359619140625,0.7779227495193481,1,IM_04503.JPG
663,1043.57275390625,594.7393798828125,1162.145751953125,699.0975952148438,0.5908423662185669,1,IM_04504.JPG
664,1128.710693359375,614.3475341796875,1264.5538330078125,746.5313720703125,0.7379387021064758,1,IM_04505.JPG
664,1129.384521484375,590.6754150390625,1288.496826171875,739.5089721679688,0.27161625027656555,1,IM_04505.JPG
665,1502.3994140625,675.7510375976562,1758.27685546875,898.80322265625,0.9162307977676392,1,IM_04531.JPG
666,1442.73193359375,619.0557861328125,1614.045654296875,789.533447265625,0.9073519110679626,1,IM_04532.JPG
666,1051.637939453125,623.2020263671875,1183.814697265625,749.2100830078125,0.6584189534187317,1,IM_04532.JPG
667,1621.739501953125,649.8651123046875,1834.6552734375,852.1030883789062,0.8731828331947327,1,IM_04536.JPG
668,1447.6116943359375,682.5731201171875,1799.759033203125,1021.5829467773438,0.9020767211914062,1,IM_04539.JPG
669,1020.809814453125,624.9164428710938,1186.7392578125,882.8507080078125,0.7941831350326538,1,IM_04563.JPG
669,1132.19580078125,594.3422241210938,1277.002685546875,779.057861328125,0.645911455154419,1,IM_04563.JPG
670,529.1088256835938,591.3568115234375,625.4993286132812,676.4711303710938,0.6923984885215759,1,IM_04595.JPG
671,1178.4576416015625,611.2626342773438,1308.607177734375,745.9599609375,0.7363983392715454,1,IM_04597.JPG
672,1068.348876953125,633.1749267578125,1264.697265625,866.4732666015625,0.8382531404495239,1,IM_04607.JPG
673,879.6097412109375,606.5537109375,951.7078857421875,757.0206298828125,0.6146054267883301,1,IM_04614.JPG
673,762.8409423828125,568.75830078125,800.0220947265625,652.8074951171875,0.5360370874404907,1,IM_04614.JPG
673,764.2559814453125,572.27685546875,812.2850341796875,655.461669921875,0.33350807428359985,1,IM_04614.JPG
674,173.63914489746094,691.3187255859375,426.6180725097656,989.720947265625,0.8874832391738892,1,IM_04619.JPG
674,769.6446533203125,744.8080444335938,860.7797241210938,1010.9060668945312,0.6360012888908386,1,IM_04619.JPG
674,0.18883323669433594,595.57861328125,62.54259490966797,688.774169921875,0.37756624817848206,1,IM_04619.JPG
675,747.195556640625,608.9329833984375,818.5499267578125,762.5748291015625,0.7184416651725769,1,IM_04620.JPG
675,903.4312133789062,609.2322998046875,947.5409545898438,731.546630859375,0.6255160570144653,1,IM_04620.JPG
677,943.158447265625,608.4898681640625,996.7080078125,738.4088134765625,0.4516134560108185,1,IM_04633.JPG
678,895.64794921875,670.180908203125,1010.6019287109375,885.711669921875,0.6288217306137085,1,IM_04639.JPG
679,992.2051391601562,639.2173461914062,1089.085205078125,796.1171875,0.5317373275756836,1,IM_04649.JPG
680,1130.4630126953125,603.1064453125,1219.5074462890625,707.6214599609375,0.5845525860786438,1,IM_04663.JPG
681,920.974853515625,590.8826293945312,989.37255859375,699.3768310546875,0.6152980327606201,1,IM_04667.JPG
683,1227.949951171875,609.508056640625,1350.08935546875,727.3013916015625,0.6973064541816711,1,IM_04679.JPG
683,667.7528686523438,576.179443359375,715.2247924804688,684.4417724609375,0.5784414410591125,1,IM_04679.JPG
684,747.0150146484375,591.8868408203125,803.27783203125,700.9202880859375,0.6906306147575378,1,IM_04680.JPG
684,662.40869140625,563.6636962890625,695.479736328125,640.7723999023438,0.3560682535171509,1,IM_04680.JPG
684,806.2736206054688,604.270751953125,879.1660766601562,783.103515625,0.2713453769683838,1,IM_04680.JPG
684,797.3211669921875,598.508544921875,881.388671875,779.9097900390625,0.25182339549064636,1,IM_04680.JPG
685,740.993408203125,595.4577026367188,810.0148315429688,738.2550048828125,0.6512398719787598,1,IM_04681.JPG
686,1241.6773681640625,694.2822265625,1605.203857421875,1020.88720703125,0.9151384830474854,1,IM_04682.JPG
687,1143.6297607421875,642.6309204101562,1307.536865234375,909.6199951171875,0.8604248762130737,1,IM_04683.JPG
688,814.5056762695312,595.314697265625,861.5137939453125,700.2387084960938,0.26161453127861023,1,IM_04684.JPG
689,1390.547119140625,688.3739013671875,1630.34130859375,961.8634643554688,0.8631889224052429,1,IM_04685.JPG
690,1084.76513671875,603.917724609375,1216.6051025390625,723.185302734375,0.6490212082862854,1,IM_04695.JPG
690,918.931640625,598.4042358398438,992.2760009765625,683.8758544921875,0.4894217252731323,1,IM_04695.JPG
691,1389.1490478515625,614.81201171875,1550.5191650390625,778.1932373046875,0.836597740650177,1,IM_04696.JPG
692,1527.008544921875,654.8535766601562,1853.9827880859375,914.5667724609375,0.907930314540863,1,IM_04697.JPG
693,1231.140869140625,696.9331665039062,1480.0111083984375,998.7762451171875,0.8470443487167358,1,IM_04699.JPG
694,666.1688232421875,602.8360595703125,705.9992065429688,697.4830322265625,0.7280764579772949,1,IM_04704.JPG
694,824.5770263671875,613.8245239257812,892.122802734375,728.4961547851562,0.7079442739486694,1,IM_04704.JPG
696,958.83251953125,645.2794189453125,1051.2978515625,806.3153686523438,0.6519848704338074,1,IM_04747.JPG
696,955.82080078125,642.1634521484375,1113.8741455078125,821.646728515625,0.2640669047832489,1,IM_04747.JPG
697,1639.282470703125,643.9345092773438,1893.6236572265625,900.3861694335938,0.9096308946609497,1,IM_04762.JPG
698,1074.58056640625,587.3981323242188,1136.011474609375,712.9678344726562,0.8075793981552124,1,IM_04767.JPG
698,1073.03369140625,591.825927734375,1176.85888671875,718.470947265625,0.28172969818115234,1,IM_04767.JPG
699,1519.82275390625,696.6424560546875,1808.201416015625,1013.9984130859375,0.9015002846717834,1,IM_04768.JPG
700,1368.0596923828125,642.4352416992188,1559.2423095703125,832.503662109375,0.8532876968383789,1,IM_04769.JPG
700,1318.7301025390625,622.9158325195312,1410.0548095703125,719.2884521484375,0.6355763673782349,1,IM_04769.JPG
700,1036.2784423828125,601.315185546875,1133.8970947265625,718.9688720703125,0.5964742302894592,1,IM_04769.JPG
700,1318.442626953125,626.1434326171875,1380.93603515625,718.1599731445312,0.274151086807251,1,IM_04769.JPG
701,1037.79638671875,601.6402587890625,1107.7862548828125,706.7334594726562,0.3959059715270996,1,IM_04770.JPG
701,887.55419921875,586.057861328125,959.1795654296875,659.24169921875,0.3056696057319641,1,IM_04770.JPG
701,1039.007568359375,602.8983154296875,1135.7080078125,707.4765625,0.2583005726337433,1,IM_04770.JPG
702,1539.7239990234375,670.6567993164062,1682.80078125,829.298583984375,0.5843872427940369,1,IM_04773.JPG
702,1144.3941650390625,636.70166015625,1210.12353515625,739.452880859375,0.3349039852619171,1,IM_04773.JPG
702,1142.2955322265625,616.5690307617188,1236.5213623046875,738.8629760742188,0.31920820474624634,1,IM_04773.JPG
703,906.7798461914062,587.9658203125,949.5715942382812,671.205810546875,0.6898306608200073,1,IM_04774.JPG
703,1123.537841796875,604.568359375,1215.249267578125,704.3289794921875,0.6494574546813965,1,IM_04774.JPG
703,1126.588623046875,595.5924072265625,1242.9755859375,703.9168701171875,0.3157806694507599,1,IM_04774.JPG
703,1122.266845703125,611.9403076171875,1194.8148193359375,698.9095458984375,0.25364863872528076,1,IM_04774.JPG
704,817.5345458984375,581.5956420898438,858.8839111328125,669.169677734375,0.4848557710647583,1,IM_04776.JPG
705,761.9188232421875,610.16845703125,831.987548828125,737.086181640625,0.6166294813156128,1,IM_04804.JPG
706,1435.93212890625,638.8903198242188,1603.30224609375,793.4539794921875,0.7659489512443542,1,IM_04821.JPG
707,1097.78076171875,589.9154052734375,1164.76025390625,693.5179443359375,0.6934952735900879,1,IM_04822.JPG
708,735.783447265625,598.6552734375,800.615234375,709.693359375,0.7129433155059814,1,IM_04823.JPG
709,991.41650390625,658.189453125,1140.2010498046875,839.1904907226562,0.7857550978660583,1,IM_04824.JPG
710,731.819580078125,597.4039306640625,777.254638671875,683.172607421875,0.5875930190086365,1,IM_04829.JPG
710,1164.572265625,660.25537109375,1309.829833984375,805.623291015625,0.5711514353752136,1,IM_04829.JPG
711,991.472900390625,616.1511840820312,1034.1134033203125,706.5338745117188,0.45000576972961426,1,IM_04830.JPG
712,558.7821044921875,591.7498779296875,743.998779296875,728.9331665039062,0.8844202756881714,1,IM_04831.JPG
712,836.653564453125,586.729248046875,890.9212646484375,680.3323974609375,0.6419981718063354,1,IM_04831.JPG
713,753.3185424804688,580.3185424804688,923.038330078125,710.0286254882812,0.8629120588302612,1,IM_04832.JPG
714,1100.1925048828125,602.4486694335938,1177.24560546875,696.3264770507812,0.5113245844841003,1,IM_04835.JPG
714,1099.134033203125,588.31494140625,1191.9544677734375,700.66259765625,0.5096988081932068,1,IM_04835.JPG
715,1020.18798828125,617.9327392578125,1199.5885009765625,849.2371826171875,0.881132960319519,1,IM_04843.JPG
716,1445.6728515625,667.946533203125,1701.4990234375,996.8713989257812,0.8758738040924072,1,IM_04847.JPG
717,1376.7255859375,697.3403930664062,1779.829345703125,968.0972900390625,0.875251829624176,1,IM_04859.JPG
718,418.1413879394531,750.357177734375,909.980712890625,1023.056640625,0.9186444282531738,1,IM_04860.JPG
719,1192.43408203125,617.3284912109375,1339.9046630859375,772.73388671875,0.8579903841018677,1,IM_04867.JPG
719,880.4232177734375,610.0771484375,960.0828857421875,747.2119140625,0.7387793064117432,1,IM_04867.JPG
720,1092.352783203125,664.907470703125,1243.256591796875,956.8328247070312,0.7005064487457275,1,IM_04871.JPG
721,913.2299194335938,621.2303466796875,992.6746215820312,767.1132202148438,0.7809444069862366,1,IM_04876.JPG
721,1120.859375,588.8634643554688,1198.443115234375,687.98193359375,0.5656973123550415,1,IM_04876.JPG
722,1456.199951171875,642.178955078125,1716.33349609375,855.2195434570312,0.8804132342338562,1,IM_04877.JPG
722,1071.8134765625,592.63671875,1150.769287109375,677.2896728515625,0.46625077724456787,1,IM_04877.JPG
722,1073.63134765625,564.2893676757812,1140.74755859375,675.2359008789062,0.3348098695278168,1,IM_04877.JPG
723,969.6824340820312,620.7008056640625,1119.0494384765625,750.4300537109375,0.779636800289154,1,IM_04878.JPG
724,216.07717895507812,598.0193481445312,411.66961669921875,737.48291015625,0.9023491740226746,1,IM_04885.JPG
724,362.56317138671875,585.9012451171875,539.7490234375,716.6420288085938,0.8037562370300293,1,IM_04885.JPG
724,0.20031166076660156,595.126220703125,62.40190124511719,689.86474609375,0.4087807238101959,1,IM_04885.JPG
725,377.9544677734375,605.2186279296875,582.3582763671875,734.389404296875,0.8535338044166565,1,IM_04886.JPG
725,538.913818359375,591.066650390625,708.1798095703125,711.8479614257812,0.7359628677368164,1,IM_04886.JPG
726,730.2982177734375,590.370849609375,770.9840698242188,675.0018310546875,0.5726527571678162,1,IM_04887.JPG
726,945.1265258789062,590.957275390625,994.7008666992188,658.807861328125,0.28677764534950256,1,IM_04887.JPG
726,976.1202392578125,587.9671630859375,1019.1492919921875,651.6153564453125,0.2712782621383667,1,IM_04887.JPG
727,564.5528564453125,605.697021484375,765.4686279296875,737.420166015625,0.8786711096763611,1,IM_04889.JPG
727,5.202873229980469,593.6613159179688,174.35317993164062,710.952880859375,0.8322556614875793,1,IM_04889.JPG
728,190.54229736328125,595.0653076171875,365.30401611328125,717.2325439453125,0.8766075372695923,1,IM_04890.JPG
728,0.6262435913085938,711.8946533203125,252.58570861816406,996.57275390625,0.8558072447776794,1,IM_04890.JPG
729,1549.0242919921875,627.962890625,1754.5836181640625,817.833984375,0.8603788018226624,1,IM_04893.JPG
729,735.314453125,609.443603515625,790.9730224609375,731.2183837890625,0.7426202297210693,1,IM_04893.JPG
729,453.8775329589844,687.5751342773438,610.293701171875,956.637451171875,0.27984097599983215,1,IM_04893.JPG
730,969.8889770507812,643.8176879882812,1124.2218017578125,962.8992919921875,0.8352884650230408,1,IM_04894.JPG
730,1166.7994384765625,587.76171875,1286.541259765625,708.5590209960938,0.6328936815261841,1,IM_04894.JPG
730,486.9278869628906,682.7781982421875,616.2750244140625,908.9287109375,0.38042551279067993,1,IM_04894.JPG
730,483.22271728515625,682.5399169921875,616.6487426757812,910.1859741210938,0.2983599901199341,1,IM_04894.JPG
730,479.90936279296875,681.3967895507812,615.286865234375,918.9955444335938,0.2795775532722473,1,IM_04894.JPG
731,923.1055297851562,591.8817138671875,993.8856811523438,705.37255859375,0.7595934271812439,1,IM_04910.JPG
732,363.1310729980469,733.1856689453125,500.296875,1018.9051513671875,0.6765503883361816,1,IM_04930.JPG
732,775.2783203125,574.509765625,811.3968505859375,645.2349853515625,0.5616414546966553,1,IM_04930.JPG
732,1.2217254638671875,605.467041015625,61.65440368652344,689.9185180664062,0.3252314329147339,1,IM_04930.JPG
733,284.973876953125,597.5552978515625,451.29071044921875,684.9461669921875,0.8417966365814209,1,IM_04931.JPG
733,935.3492431640625,603.9002685546875,1026.32373046875,751.9461669921875,0.6451546549797058,1,IM_04931.JPG
733,848.2970581054688,617.453369140625,970.9400024414062,806.6588134765625,0.38185328245162964,1,IM_04931.JPG
733,1.2136058807373047,601.7861328125,61.50123596191406,690.092529296875,0.3053167164325714,1,IM_04931.JPG
734,1603.0008544921875,789.6919555664062,1919.312255859375,1029.8353271484375,0.8528393507003784,1,IM_04932.JPG
734,289.2808837890625,590.6720581054688,448.6379699707031,684.3629150390625,0.8486954569816589,1,IM_04932.JPG
734,1.0565299987792969,599.5772705078125,63.0003547668457,690.126953125,0.31740331649780273,1,IM_04932.JPG
734,1.3443717956542969,598.2349243164062,62.66621017456055,689.5430297851562,0.280878484249115,1,IM_04932.JPG
734,0.16086959838867188,596.1588745117188,63.694854736328125,689.94384765625,0.25181010365486145,1,IM_04932.JPG
735,287.85565185546875,599.2721557617188,454.193115234375,684.4449462890625,0.8355304002761841,1,IM_04938.JPG
735,1586.533447265625,622.7847900390625,1761.514892578125,799.7237548828125,0.6625937819480896,1,IM_04938.JPG
735,1.116434097290039,603.312255859375,61.17400360107422,690.1448974609375,0.3417487144470215,1,IM_04938.JPG
736,309.24249267578125,597.6553344726562,466.8020324707031,686.4567260742188,0.6569579243659973,1,IM_04939.JPG
736,1031.406982421875,580.5625,1103.0546875,672.449462890625,0.6367844343185425,1,IM_04939.JPG
736,1.1220073699951172,600.6507568359375,61.73191452026367,690.2501220703125,0.36449408531188965,1,IM_04939.JPG
737,316.751220703125,599.2424926757812,470.6831359863281,686.1881103515625,0.7211145758628845,1,IM_04940.JPG
737,984.5203857421875,572.91015625,1037.35693359375,657.765869140625,0.5971594452857971,1,IM_04940.JPG
737,1.1014137268066406,601.0909423828125,62.2554931640625,690.0465087890625,0.34637588262557983,1,IM_04940.JPG
738,1020.4081420898438,655.809814453125,1211.7227783203125,947.0361328125,0.8642609715461731,1,IM_04941.JPG
738,657.7467041015625,582.0731201171875,724.743896484375,663.8973388671875,0.7961186766624451,1,IM_04941.JPG
738,765.8483276367188,605.7977294921875,835.0164184570312,753.6744384765625,0.7118796110153198,1,IM_04941.JPG
739,1022.2864379882812,627.37744140625,1221.0274658203125,916.6426391601562,0.8348801732063293,1,IM_04942.JPG
739,756.1788330078125,569.196044921875,788.5625610351562,634.9411010742188,0.33158138394355774,1,IM_04942.JPG
740,1403.3800048828125,623.845947265625,1587.7591552734375,809.862060546875,0.8324973583221436,1,IM_04943.JPG
741,1029.461669921875,586.435302734375,1103.4749755859375,685.7530517578125,0.7616221308708191,1,IM_04944.JPG
742,1232.7901611328125,744.661376953125,1583.6605224609375,1026.097900390625,0.8897126913070679,1,IM_04953.JPG
742,1.2025337219238281,604.1572265625,61.137290954589844,690.1314697265625,0.29065102338790894,1,IM_04953.JPG
743,1820.343505859375,655.8869018554688,1918.97119140625,852.7721557617188,0.8081244230270386,1,IM_04988.JPG
743,1327.4468994140625,617.1427001953125,1465.493896484375,759.7236328125,0.7484604120254517,1,IM_04988.JPG
744,1555.36181640625,626.5772094726562,1753.952880859375,820.8916015625,0.8761985898017883,1,IM_05001.JPG
744,1.087594985961914,597.0040283203125,62.95979690551758,689.8531494140625,0.38480761647224426,1,IM_05001.JPG
745,448.70782470703125,676.1644897460938,614.0020751953125,1018.7171630859375,0.8247689604759216,1,IM_05003.JPG
745,998.5089111328125,593.48779296875,1053.28564453125,676.84033203125,0.7288689613342285,1,IM_05003.JPG
745,1283.99365234375,616.9048461914062,1436.4234619140625,749.0831909179688,0.6872857809066772,1,IM_05003.JPG
745,857.912841796875,561.3429565429688,902.0452880859375,625.3899536132812,0.5173094272613525,1,IM_05003.JPG
745,231.3988037109375,645.51416015625,333.1470947265625,686.3697509765625,0.3044799566268921,1,IM_05003.JPG
745,230.65635681152344,645.2847900390625,333.59869384765625,685.9521484375,0.2710658609867096,1,IM_05003.JPG
745,860.1967163085938,565.587890625,911.8734741210938,630.3985595703125,0.26315775513648987,1,IM_05003.JPG
746,710.4105224609375,576.5113525390625,755.0283203125,665.02685546875,0.5974870324134827,1,IM_05007.JPG
746,797.5189819335938,575.1021728515625,876.0335083007812,722.8653564453125,0.5396890640258789,1,IM_05007.JPG
746,232.17425537109375,646.2757568359375,333.3216247558594,687.1444091796875,0.27571287751197815,1,IM_05007.JPG
746,1.6535224914550781,613.5422973632812,61.02520751953125,689.7484130859375,0.2500671446323395,1,IM_05007.JPG
747,1052.020751953125,640.4031372070312,1192.755615234375,854.6119995117188,0.7179448008537292,1,IM_05008.JPG
747,786.3283081054688,612.443603515625,840.3455200195312,728.9442138671875,0.43737825751304626,1,IM_05008.JPG
747,1.6625003814697266,612.24267578125,61.5546875,690.0740966796875,0.28762534260749817,1,IM_05008.JPG
747,2.140777587890625,606.16943359375,61.501670837402344,689.4049072265625,0.25412502884864807,1,IM_05008.JPG
748,1612.3363037109375,645.8836669921875,1821.03076171875,863.056640625,0.8947888612747192,1,IM_05017.JPG
748,830.4140625,584.6015625,933.434326171875,803.1881103515625,0.6323358416557312,1,IM_05017.JPG
748,772.6885986328125,573.363525390625,812.0110473632812,661.3800659179688,0.4876624047756195,1,IM_05017.JPG
749,1365.66064453125,704.7175903320312,1761.671630859375,1021.5831298828125,0.8594189882278442,1,IM_05018.JPG
749,1048.60888671875,585.011962890625,1113.868408203125,678.0682373046875,0.7561572790145874,1,IM_05018.JPG
749,883.884521484375,595.2108154296875,961.0482788085938,724.6641845703125,0.6907257437705994,1,IM_05018.JPG
749,1.7203559875488281,613.8923950195312,61.63054275512695,689.93701171875,0.25433874130249023,1,IM_05018.JPG
750,1.1923084259033203,612.8458862304688,61.48222732543945,690.1567993164062,0.2848615050315857,1,IM_05023.JPG
750,1.6909618377685547,605.4581909179688,61.47174835205078,689.344482421875,0.2717876136302948,1,IM_05023.JPG
751,495.60760498046875,633.0889892578125,575.7703247070312,769.9610595703125,0.3373563885688782,1,IM_05024.JPG
751,231.94882202148438,646.2424926757812,331.4915466308594,686.671630859375,0.2721259593963623,1,IM_05024.JPG
751,1.2587814331054688,612.3045654296875,61.69493865966797,690.05517578125,0.2568294405937195,1,IM_05024.JPG
752,959.5219116210938,645.2122192382812,1053.0986328125,817.0849609375,0.6515634059906006,1,IM_05031.JPG
752,1.0558547973632812,600.1690063476562,63.40415954589844,689.4999389648438,0.30133333802223206,1,IM_05031.JPG
752,969.3182373046875,655.7960815429688,1040.959228515625,825.0556640625,0.26032939553260803,1,IM_05031.JPG
753,928.2658081054688,644.611083984375,1066.781005859375,825.2843627929688,0.7511078119277954,1,IM_05037.JPG
753,1.1353282928466797,600.2296142578125,63.269187927246094,689.3876953125,0.3034001290798187,1,IM_05037.JPG
753,0.9398632049560547,603.3836669921875,64.1231689453125,690.0745849609375,0.2725330591201782,1,IM_05037.JPG
753,0.22922515869140625,599.4935302734375,64.07107543945312,690.0177612304688,0.27208781242370605,1,IM_05037.JPG
753,1.171600341796875,597.4011840820312,64.11387634277344,689.2362670898438,0.252993643283844,1,IM_05037.JPG
754,1355.770751953125,622.6763916015625,1488.150146484375,770.582763671875,0.6493532657623291,1,IM_05065.JPG
755,929.3236083984375,586.6104125976562,979.8372802734375,665.6610717773438,0.7295804023742676,1,IM_05066.JPG
756,934.46044921875,570.0936279296875,985.435546875,655.5283813476562,0.5466136336326599,1,IM_05068.JPG
757,1158.81494140625,638.483154296875,1282.147216796875,810.3748779296875,0.6134809851646423,1,IM_05069.JPG
758,246.71612548828125,613.6884765625,373.1730651855469,704.545166015625,0.47532588243484497,1,IM_05077.JPG
758,1861.702880859375,875.5872802734375,1919.42138671875,1022.2179565429688,0.3720044493675232,1,IM_05077.JPG
758,1.2642288208007812,600.9349975585938,62.440338134765625,689.1871337890625,0.32355812191963196,1,IM_05077.JPG
758,780.0195922851562,575.7479248046875,816.3246459960938,669.3883056640625,0.2689502537250519,1,IM_05077.JPG
759,246.10633850097656,612.0819091796875,370.853759765625,704.5716552734375,0.6333635449409485,1,IM_05078.JPG
759,758.8579711914062,579.013427734375,804.2347412109375,680.6414794921875,0.6314385533332825,1,IM_05078.JPG
759,823.6060791015625,577.718994140625,889.6033935546875,699.1378784179688,0.5814892649650574,1,IM_05078.JPG
759,1.5710735321044922,601.5028076171875,62.588294982910156,689.0673828125,0.3091212511062622,1,IM_05078.JPG
759,759.2884521484375,576.3792724609375,830.5574340820312,682.8695678710938,0.2681203782558441,1,IM_05078.JPG
760,1144.0972900390625,659.327392578125,1266.279296875,803.044677734375,0.6658490896224976,1,IM_05085.JPG
762,703.69921875,575.4451904296875,762.7335205078125,733.0362548828125,0.268947035074234,1,IM_05095.JPG
763,991.054443359375,685.6051635742188,1202.08935546875,989.2745361328125,0.8094502091407776,1,IM_05096.JPG
764,1473.976806640625,622.2069091796875,1665.439208984375,783.2891235351562,0.8736720085144043,1,IM_05097.JPG
764,954.5696411132812,589.4061889648438,1037.146484375,715.6937866210938,0.7550275325775146,1,IM_05097.JPG
764,1167.3848876953125,606.1660766601562,1320.791748046875,735.1240234375,0.7509653568267822,1,IM_05097.JPG
764,1074.57666015625,600.7036743164062,1170.02880859375,693.9940795898438,0.6277464032173157,1,IM_05097.JPG
764,915.6611328125,583.4122924804688,947.2127685546875,645.3277587890625,0.4732321500778198,1,IM_05097.JPG
764,614.36572265625,635.5082397460938,655.5188598632812,730.340087890625,0.40064242482185364,1,IM_05097.JPG
764,793.3584594726562,684.66650390625,867.2149658203125,758.0994873046875,0.39361855387687683,1,IM_05097.JPG
764,918.7479858398438,577.6910400390625,958.7470092773438,646.5653076171875,0.3025212585926056,1,IM_05097.JPG
764,593.2647705078125,633.2646484375,654.8375244140625,733.1478881835938,0.2858107089996338,1,IM_05097.JPG
765,1005.74462890625,594.0137939453125,1104.1763916015625,698.21875,0.7015345692634583,1,IM_05098.JPG
765,1260.486328125,592.5995483398438,1370.9300537109375,724.544189453125,0.6913902759552002,1,IM_05098.JPG
765,932.4973754882812,593.5486450195312,1009.8532104492188,661.3509521484375,0.40394335985183716,1,IM_05098.JPG
765,845.9628295898438,641.0609130859375,940.0863647460938,817.2533569335938,0.4005199372768402,1,IM_05098.JPG
766,1138.2607421875,654.7476806640625,1321.84765625,1023.4063720703125,0.7659386992454529,1,IM_05111.JPG
770,1.6224288940429688,613.346435546875,61.80885314941406,689.78125,0.25402018427848816,1,IM_05117.JPG
772,915.9287109375,686.1127319335938,1083.19482421875,940.3238525390625,0.8513213992118835,1,IM_05147.JPG
772,1.4931793212890625,614.8523559570312,60.0615234375,690.165283203125,0.2700803279876709,1,IM_05147.JPG
773,520.077880859375,592.590576171875,624.1788330078125,698.91455078125,0.7832928895950317,1,IM_05151.JPG
773,780.5191040039062,577.40869140625,818.9229125976562,646.4791259765625,0.45723235607147217,1,IM_05151.JPG
773,1.4597396850585938,607.6553955078125,61.69317626953125,689.986328125,0.2872661352157593,1,IM_05151.JPG
774,840.91259765625,612.4055786132812,929.630126953125,728.7240600585938,0.5334736108779907,1,IM_05153.JPG
774,713.9530029296875,573.34765625,752.526611328125,651.420654296875,0.4829218089580536,1,IM_05153.JPG
775,743.8280029296875,629.637939453125,907.4097900390625,840.3349609375,0.8088321089744568,1,IM_05154.JPG
776,1384.0653076171875,632.0626220703125,1601.3173828125,825.020263671875,0.8475343585014343,1,IM_05155.JPG
777,988.77587890625,585.4503784179688,1050.1097412109375,692.8603515625,0.7504307627677917,1,IM_05156.JPG
777,1260.8544921875,615.8369140625,1420.7646484375,768.9566650390625,0.7280727028846741,1,IM_05156.JPG
778,880.588623046875,620.4595947265625,998.5521240234375,821.7532958984375,0.6396444439888,1,IM_05161.JPG
778,897.5377807617188,629.100830078125,973.5448608398438,821.7308349609375,0.25564369559288025,1,IM_05161.JPG
778,889.984130859375,629.7803955078125,973.317626953125,817.4342041015625,0.2545989155769348,1,IM_05161.JPG
779,1457.8165283203125,608.1322631835938,1652.757568359375,799.4383544921875,0.8415802717208862,1,IM_05163.JPG
779,1.5406665802001953,613.06787109375,61.44965744018555,690.0217895507812,0.2623605728149414,1,IM_05163.JPG
780,1066.0501708984375,589.8194580078125,1142.562255859375,695.049560546875,0.8574427962303162,1,IM_05164.JPG
780,1.6278877258300781,613.3988037109375,61.40556335449219,689.817138671875,0.26376622915267944,1,IM_05164.JPG
781,812.0996704101562,604.2039184570312,862.9828491210938,706.4749145507812,0.6526075005531311,1,IM_05169.JPG
781,874.28759765625,652.5816650390625,978.5553588867188,849.8082275390625,0.6384114027023315,1,IM_05169.JPG
782,1013.0174560546875,652.609619140625,1116.2655029296875,832.812255859375,0.3977746069431305,1,IM_05170.JPG
782,1.5270309448242188,612.6744384765625,60.55609130859375,690.0311279296875,0.3394695520401001,1,IM_05170.JPG
783,1631.477783203125,632.5219116210938,1849.92041015625,833.7742309570312,0.8613312244415283,1,IM_05171.JPG
783,1013.5966796875,611.025146484375,1153.7763671875,780.2785034179688,0.415393203496933,1,IM_05171.JPG
783,1013.6861572265625,605.890625,1114.2191162109375,776.4498291015625,0.40176549553871155,1,IM_05171.JPG
783,1.6292381286621094,610.3346557617188,61.22589874267578,690.150390625,0.31147798895835876,1,IM_05171.JPG
783,2.0116539001464844,607.83642578125,61.177940368652344,689.74951171875,0.26614412665367126,1,IM_05171.JPG
784,1095.044677734375,601.406494140625,1171.818603515625,694.4222412109375,0.8008003830909729,1,IM_05172.JPG
784,1.5655632019042969,612.540283203125,60.26634979248047,690.017822265625,0.36992037296295166,1,IM_05172.JPG
784,1.9687042236328125,611.4960327148438,60.19511032104492,689.6915893554688,0.2946223020553589,1,IM_05172.JPG
785,1514.9183349609375,630.8545532226562,1766.2554931640625,839.843994140625,0.9066370129585266,1,IM_05184.JPG
785,1.356954574584961,611.5045166015625,59.974761962890625,689.9150390625,0.4061160385608673,1,IM_05184.JPG
786,1420.903564453125,652.4437255859375,1711.0938720703125,941.712646484375,0.737558901309967,1,IM_05191.JPG
787,1102.982421875,616.6507568359375,1229.669921875,793.0230102539062,0.4568600356578827,1,IM_05192.JPG
788,1502.146240234375,632.794189453125,1680.116943359375,821.05517578125,0.8068897128105164,1,IM_05195.JPG
789,1317.8807373046875,599.1810302734375,1466.03173828125,795.275634765625,0.7626946568489075,1,IM_05207.JPG
791,1447.3897705078125,624.1602783203125,1641.470947265625,809.192626953125,0.8637654185295105,1,IM_05221.JPG
792,1078.6785888671875,586.17529296875,1143.8427734375,690.3756103515625,0.7113472819328308,1,IM_05222.JPG
793,1079.9404296875,631.9837646484375,1237.482177734375,865.6452026367188,0.7356800436973572,1,IM_05229.JPG
794,720.2296142578125,571.8887939453125,766.772216796875,669.197265625,0.3713630139827728,1,IM_05233.JPG
795,799.1427612304688,605.68896484375,877.1119995117188,754.2957763671875,0.5443616509437561,1,IM_05234.JPG
796,1485.2666015625,702.2615966796875,1875.6119384765625,1021.5690307617188,0.8921734094619751,1,IM_05235.JPG
796,801.10888671875,604.0438232421875,854.8504638671875,706.06005859375,0.6085109114646912,1,IM_05235.JPG
797,1025.89111328125,619.9775390625,1190.479736328125,836.7482299804688,0.44591546058654785,1,IM_05236.JPG
798,1075.169921875,641.2542114257812,1272.84130859375,846.55517578125,0.8720790147781372,1,IM_05251.JPG
799,1182.397705078125,632.1072998046875,1256.2408447265625,737.4503173828125,0.5639219284057617,1,IM_05253.JPG
800,1462.4617919921875,787.33154296875,1887.54638671875,1024.146240234375,0.794551432132721,1,IM_05315.JPG
801,1004.2900390625,581.162353515625,1112.3468017578125,691.9761962890625,0.7519662976264954,1,IM_05333.JPG
801,1003.985107421875,579.9224853515625,1081.5279541015625,687.674072265625,0.5896071791648865,1,IM_05333.JPG
801,7.466405868530273,611.656005859375,58.878562927246094,690.0623168945312,0.3803749680519104,1,IM_05333.JPG
801,7.587123870849609,612.3504638671875,58.84297180175781,690.5133056640625,0.32088157534599304,1,IM_05333.JPG
802,1423.257568359375,698.8564453125,1572.632080078125,915.4282836914062,0.8173173069953918,1,IM_05355.JPG
802,543.0159912109375,620.8489379882812,630.74462890625,792.8717651367188,0.4358808994293213,1,IM_05355.JPG
802,807.5634765625,648.0518188476562,868.003662109375,828.8946533203125,0.37203162908554077,1,IM_05355.JPG
803,1128.012939453125,771.0206909179688,1433.557861328125,1023.5418090820312,0.8816024661064148,1,IM_05356.JPG
803,623.4449462890625,738.0781860351562,795.3052978515625,1021.0896606445312,0.8068487644195557,1,IM_05356.JPG
803,1080.148193359375,608.012939453125,1134.6549072265625,712.587646484375,0.5356476306915283,1,IM_05356.JPG
803,7.422786712646484,616.1929931640625,59.053951263427734,690.16064453125,0.49904540181159973,1,IM_05356.JPG
804,938.78466796875,660.2330932617188,1018.846435546875,843.441650390625,0.5730835795402527,1,IM_05365.JPG
804,960.4154663085938,665.974853515625,1018.3233032226562,842.740234375,0.25576475262641907,1,IM_05365.JPG
805,6.335655212402344,616.6820068359375,59.84889221191406,690.3239135742188,0.3668608069419861,1,IM_05366.JPG
805,6.48661994934082,616.268798828125,59.643104553222656,689.93017578125,0.346640020608902,1,IM_05366.JPG
805,805.60986328125,620.9532470703125,846.1494140625,712.8389892578125,0.33470264077186584,1,IM_05366.JPG
805,806.189697265625,617.1951904296875,846.4036865234375,711.84765625,0.3225376605987549,1,IM_05366.JPG
806,852.45068359375,590.711669921875,916.637939453125,674.09765625,0.6169833540916443,1,IM_05367.JPG
806,5.569456100463867,615.8812866210938,59.96556854248047,690.09033203125,0.5247876048088074,1,IM_05367.JPG
807,968.2752685546875,619.0685424804688,1106.0137939453125,869.4327392578125,0.6440906524658203,1,IM_05369.JPG
807,829.5833129882812,595.8739013671875,903.1115112304688,769.551025390625,0.5767370462417603,1,IM_05369.JPG
807,717.188720703125,585.4765625,757.1878662109375,669.512939453125,0.5456370711326599,1,IM_05369.JPG
808,1248.5804443359375,663.626953125,1530.2662353515625,1023.0360717773438,0.8967614769935608,1,IM_05370.JPG
808,948.4610595703125,586.57080078125,1059.189697265625,778.3526000976562,0.6008614301681519,1,IM_05370.JPG
808,759.5458374023438,602.3880615234375,826.0574340820312,750.845703125,0.5600306391716003,1,IM_05370.JPG
808,7.639446258544922,616.7818603515625,59.5997314453125,690.0723876953125,0.4239885210990906,1,IM_05370.JPG
809,1780.8167724609375,679.5886840820312,1919.4862060546875,1021.6146240234375,0.8759407997131348,1,IM_05375.JPG
809,1081.4921875,594.4649658203125,1165.187744140625,699.470458984375,0.7511395812034607,1,IM_05375.JPG
810,881.5335693359375,572.1773681640625,926.153564453125,643.8887329101562,0.5921457409858704,1,IM_05376.JPG
810,1125.10302734375,615.021484375,1213.211181640625,741.4232177734375,0.5198574662208557,1,IM_05376.JPG
810,1156.025390625,615.160888671875,1213.529052734375,742.1607055664062,0.3653266429901123,1,IM_05376.JPG
810,7.3624420166015625,615.63818359375,59.86343765258789,689.9339599609375,0.32432860136032104,1,IM_05376.JPG
810,7.391263961791992,614.65234375,59.60601806640625,689.4013671875,0.2962777018547058,1,IM_05376.JPG
811,1321.837158203125,612.3028564453125,1483.94921875,807.9561767578125,0.8446109294891357,1,IM_05377.JPG
811,1595.1236572265625,631.0078125,1892.5711669921875,894.7948608398438,0.7922155261039734,1,IM_05377.JPG
811,1038.493896484375,598.9334106445312,1092.01904296875,664.5728759765625,0.5222768783569336,1,IM_05377.JPG
811,635.03759765625,588.7449951171875,719.0009765625,689.106689453125,0.46913623809814453,1,IM_05377.JPG
811,1564.2740478515625,624.4312744140625,1674.4698486328125,761.135009765625,0.39445626735687256,1,IM_05377.JPG
812,1228.566162109375,585.5693359375,1331.6298828125,701.430419921875,0.6344663500785828,1,IM_05378.JPG
812,988.3236694335938,586.1903686523438,1061.809326171875,693.8856811523438,0.5980377793312073,1,IM_05378.JPG
812,658.3386840820312,626.5022583007812,763.0338134765625,716.4644775390625,0.5276095867156982,1,IM_05378.JPG
812,1074.3544921875,605.5828247070312,1166.05517578125,728.8433837890625,0.5211344361305237,1,IM_05378.JPG
812,943.5640869140625,576.4434204101562,987.24462890625,641.4144897460938,0.4325956404209137,1,IM_05378.JPG
813,502.42633056640625,576.735595703125,578.0684814453125,684.00537109375,0.6860345602035522,1,IM_05382.JPG
813,6.580467224121094,616.635986328125,59.919673919677734,690.280029296875,0.506447434425354,1,IM_05382.JPG
814,61.92809295654297,630.8734130859375,194.21951293945312,905.738525390625,0.44583866000175476,1,IM_05383.JPG
814,95.77053833007812,636.3363037109375,177.8097686767578,903.7205200195312,0.3900934159755707,1,IM_05383.JPG
814,7.240922927856445,618.2249755859375,59.712440490722656,689.8798217773438,0.38132843375205994,1,IM_05383.JPG
814,71.95372772216797,638.0874633789062,231.62484741210938,909.02197265625,0.31497350335121155,1,IM_05383.JPG
815,148.8588409423828,676.1619873046875,389.11993408203125,995.9730834960938,0.8411621451377869,1,IM_05384.JPG
815,6.846330642700195,613.5509033203125,59.63487243652344,690.1220703125,0.6922217607498169,1,IM_05384.JPG
815,155.3963165283203,688.80908203125,234.92239379882812,889.76513671875,0.33490970730781555,1,IM_05384.JPG
816,894.2310791015625,589.3587036132812,937.6534423828125,674.442138671875,0.5352685451507568,1,IM_05387.JPG
816,1002.4840087890625,603.5201416015625,1157.3779296875,769.60205078125,0.4954780638217926,1,IM_05387.JPG
816,1007.9928588867188,594.7646484375,1116.360107421875,764.129150390625,0.4458228349685669,1,IM_05387.JPG
816,7.499610900878906,614.3662109375,59.64656066894531,689.885986328125,0.4026191830635071,1,IM_05387.JPG
816,759.5748291015625,524.4569091796875,799.684326171875,614.4544677734375,0.34597957134246826,1,IM_05387.JPG
816,891.211669921875,589.0581665039062,962.11669921875,674.2706298828125,0.34147462248802185,1,IM_05387.JPG
817,1202.028076171875,629.4693603515625,1385.8333740234375,901.2293701171875,0.8174182176589966,1,IM_05388.JPG
817,937.0307006835938,609.0188598632812,988.5510864257812,735.0770263671875,0.7127010226249695,1,IM_05388.JPG
817,923.4911499023438,611.3033447265625,1003.8619995117188,734.6226806640625,0.33115121722221375,1,IM_05388.JPG
818,1580.4847412109375,719.5711669921875,1902.8280029296875,1020.8062133789062,0.9179936647415161,1,IM_05389.JPG
818,855.529541015625,656.2041015625,946.90869140625,865.112060546875,0.5131319165229797,1,IM_05389.JPG
818,1027.0478515625,673.2753295898438,1186.6337890625,793.5390625,0.2937213182449341,1,IM_05389.JPG
819,993.7377319335938,823.863037109375,1176.6806640625,1022.01611328125,0.785758912563324,1,IM_05390.JPG
819,722.12939453125,623.246337890625,808.447021484375,788.2491455078125,0.5362033247947693,1,IM_05390.JPG
819,1496.8779296875,816.1397094726562,1825.4022216796875,1020.78076171875,0.31218937039375305,1,IM_05390.JPG
820,1010.589111328125,598.674072265625,1072.313720703125,732.2261962890625,0.4998832046985626,1,IM_05399.JPG
821,1504.4503173828125,696.6962280273438,1792.935791015625,1020.33837890625,0.8933488130569458,1,IM_05400.JPG
821,7.002696990966797,618.2398681640625,59.64496994018555,689.9727172851562,0.3100501596927643,1,IM_05400.JPG
822,1044.968505859375,635.7116088867188,1161.37451171875,828.9664306640625,0.6416317820549011,1,IM_05403.JPG
822,1045.658203125,622.7905883789062,1275.434326171875,842.380126953125,0.5026655197143555,1,IM_05403.JPG
822,6.737800598144531,618.716064453125,59.489627838134766,690.4312744140625,0.4239078760147095,1,IM_05403.JPG
823,1170.976318359375,667.5217895507812,1365.5078125,924.0908203125,0.8027798533439636,1,IM_05418.JPG
825,327.949951171875,621.2158813476562,444.9670715332031,718.2723999023438,0.573612630367279,1,IM_05421.JPG
825,4.811307907104492,614.8826904296875,58.41108703613281,690.37109375,0.4042168855667114,1,IM_05421.JPG
825,287.1014404296875,611.774169921875,444.66162109375,719.2139892578125,0.30951347947120667,1,IM_05421.JPG
826,5.428791046142578,616.7537841796875,58.780120849609375,690.5663452148438,0.39317336678504944,1,IM_05422.JPG
827,910.6885986328125,581.295166015625,962.0758666992188,657.6439208984375,0.6983927488327026,1,IM_05423.JPG
827,5.891326904296875,621.692626953125,58.55076599121094,690.3937377929688,0.38824036717414856,1,IM_05423.JPG
828,964.7151489257812,606.4898071289062,1098.134521484375,787.578369140625,0.7547960877418518,1,IM_05434.JPG
828,729.5626831054688,588.6168212890625,778.4921264648438,676.5956420898438,0.4631096422672272,1,IM_05434.JPG
829,884.7343139648438,593.8599853515625,1010.6830444335938,800.1162109375,0.560015082359314,1,IM_05435.JPG
830,1269.055419921875,651.1996459960938,1339.275390625,866.1785888671875,0.5095236897468567,1,IM_05440.JPG
830,7.497579574584961,621.1514892578125,59.36029815673828,689.9669799804688,0.3122985064983368,1,IM_05440.JPG
830,1197.889404296875,632.1729125976562,1373.082763671875,868.3800659179688,0.3110133111476898,1,IM_05440.JPG
831,1491.1710205078125,623.4050903320312,1687.4813232421875,812.0359497070312,0.8595089316368103,1,IM_05451.JPG
832,1147.3431396484375,598.9807739257812,1231.4775390625,710.012451171875,0.8079398274421692,1,IM_05452.JPG
833,1044.947265625,595.3660278320312,1098.816162109375,698.5763549804688,0.6039085984230042,1,IM_05455.JPG
834,1550.642578125,684.4828491210938,1833.777099609375,1015.7206420898438,0.902848482131958,1,IM_05456.JPG
837,701.578857421875,602.5394287109375,780.8770751953125,746.3611450195312,0.5695985555648804,1,IM_05465.JPG
838,895.4786376953125,662.10205078125,1056.471435546875,932.750244140625,0.7631963491439819,1,IM_05466.JPG
839,875.6749267578125,633.424072265625,978.60888671875,848.677734375,0.6903597116470337,1,IM_05479.JPG
839,8.51528549194336,615.4533081054688,60.08394241333008,690.0841064453125,0.35678669810295105,1,IM_05479.JPG
840,1511.1248779296875,611.1798706054688,1682.0185546875,780.7630004882812,0.8314371705055237,1,IM_05485.JPG
841,1138.76171875,578.998046875,1228.0921630859375,688.636474609375,0.7694308161735535,1,IM_05486.JPG
842,1033.0533447265625,630.7158203125,1212.1337890625,884.6492919921875,0.8371056318283081,1,IM_05493.JPG
842,9.11004638671875,614.3868408203125,60.67236328125,689.8223876953125,0.352590948343277,1,IM_05493.JPG
843,1698.9482421875,632.9985961914062,1919.41748046875,909.7119140625,0.8990904092788696,1,IM_05497.JPG
844,1029.0360107421875,589.8587646484375,1142.23046875,734.458251953125,0.5115883946418762,1,IM_05498.JPG
845,788.4346923828125,577.2135009765625,854.376220703125,676.3753662109375,0.6656589508056641,1,IM_05505.JPG
845,6.824409484863281,615.92919921875,60.470489501953125,689.9196166992188,0.5377154350280762,1,IM_05505.JPG
845,997.9004516601562,612.8911743164062,1061.0263671875,747.8406982421875,0.2897550165653229,1,IM_05505.JPG
845,788.4991455078125,577.3558349609375,890.7078857421875,678.6876220703125,0.2665061950683594,1,IM_05505.JPG
846,1752.0615234375,773.6449584960938,1918.92041015625,1023.3392944335938,0.8031777143478394,1,IM_05506.JPG
846,1253.68505859375,612.667724609375,1343.2100830078125,831.2341918945312,0.6693846583366394,1,IM_05506.JPG
846,7.461816787719727,614.7119140625,60.87574005126953,690.192138671875,0.44293275475502014,1,IM_05506.JPG
847,1472.237548828125,629.1512451171875,1668.4178466796875,818.8851318359375,0.8803395628929138,1,IM_05507.JPG
847,1171.875244140625,593.8811645507812,1279.979248046875,722.3098754882812,0.6514367461204529,1,IM_05507.JPG
847,8.573959350585938,615.1917724609375,60.975677490234375,690.0,0.432296484708786,1,IM_05507.JPG
848,1194.979736328125,625.683349609375,1347.7796630859375,807.344482421875,0.8444391489028931,1,IM_05519.JPG
848,8.440864562988281,615.7274169921875,60.73945999145508,689.7525634765625,0.3514927923679352,1,IM_05519.JPG
849,901.8231201171875,606.5579833984375,942.39208984375,691.8119506835938,0.4992685317993164,1,IM_05520.JPG
849,8.402887344360352,613.9347534179688,60.71635437011719,689.8809204101562,0.4330676198005676,1,IM_05520.JPG
849,906.27880859375,603.9310302734375,963.7882080078125,693.2769775390625,0.4104292392730713,1,IM_05520.JPG
849,925.7003173828125,606.1600341796875,965.1749267578125,695.3164672851562,0.31942835450172424,1,IM_05520.JPG
849,927.1607666015625,606.281005859375,964.1444091796875,696.166015625,0.258374959230423,1,IM_05520.JPG
850,180.98182678222656,590.5645751953125,390.847412109375,723.4835815429688,0.8944640159606934,1,IM_05539.JPG
850,0.0,629.4010620117188,34.845951080322266,757.6137084960938,0.4625287353992462,1,IM_05539.JPG
851,121.77699279785156,613.210693359375,309.7672119140625,729.989501953125,0.878058910369873,1,IM_05540.JPG
851,471.6576232910156,581.8399658203125,539.7646484375,703.5496215820312,0.7194064855575562,1,IM_05540.JPG
851,0.10602951049804688,608.671875,99.29327392578125,753.6176147460938,0.6497796177864075,1,IM_05540.JPG
852,1042.1063232421875,596.6549072265625,1090.648681640625,686.2548828125,0.4408820569515228,1,IM_05707.JPG
854,1016.7196655273438,592.0228881835938,1085.328857421875,667.1342163085938,0.7251866459846497,1,IM_05721.JPG
854,1200.40673828125,619.00341796875,1279.610595703125,745.708740234375,0.5421299934387207,1,IM_05721.JPG
854,1237.276123046875,636.9102172851562,1280.04541015625,749.9174194335938,0.3404155969619751,1,IM_05721.JPG
855,1502.4462890625,632.4105834960938,1687.590087890625,806.6322021484375,0.8171265125274658,1,IM_05722.JPG
855,1021.1988525390625,603.58544921875,1066.981689453125,667.3035888671875,0.445350706577301,1,IM_05722.JPG
855,910.8374633789062,621.07080078125,959.6859741210938,686.0296020507812,0.38285574316978455,1,IM_05722.JPG
856,708.463623046875,596.648193359375,790.2293701171875,719.8135375976562,0.7305022478103638,1,IM_05727.JPG
857,1087.47216796875,663.34228515625,1260.3504638671875,899.5479125976562,0.7963750958442688,1,IM_05728.JPG
858,516.1609497070312,574.2127685546875,583.1618041992188,700.6678466796875,0.6526572704315186,1,IM_05745.JPG
858,684.091064453125,594.3470458984375,733.6259155273438,709.6326904296875,0.5061268210411072,1,IM_05745.JPG
859,613.9645385742188,589.822998046875,714.2308959960938,744.1146240234375,0.7454284429550171,1,IM_05746.JPG
859,470.231201171875,593.477783203125,577.5299682617188,741.5321044921875,0.3166061043739319,1,IM_05746.JPG
860,362.339599609375,628.6085205078125,505.22906494140625,970.196533203125,0.7802222371101379,1,IM_05747.JPG
860,144.02816772460938,632.7872314453125,313.175048828125,942.4984130859375,0.7494498491287231,1,IM_05747.JPG
861,143.66925048828125,634.2412109375,302.94500732421875,936.62353515625,0.7088715434074402,1,IM_05748.JPG
861,396.00390625,644.298095703125,526.31787109375,967.3115234375,0.7043694853782654,1,IM_05748.JPG
861,118.70207977294922,633.262939453125,361.7010192871094,937.0675048828125,0.37502312660217285,1,IM_05748.JPG
862,410.63836669921875,695.0538940429688,524.3182983398438,966.6044311523438,0.7543014883995056,1,IM_05749.JPG
862,142.94740295410156,627.7003784179688,280.8470764160156,938.7753295898438,0.7155138850212097,1,IM_05749.JPG
862,169.82089233398438,623.21240234375,255.9733428955078,927.1774291992188,0.3345898687839508,1,IM_05749.JPG
862,175.16567993164062,702.7492065429688,248.19207763671875,937.6439208984375,0.2617838680744171,1,IM_05749.JPG
863,736.4185180664062,580.3790893554688,786.2430419921875,662.5582275390625,0.8587521910667419,1,IM_05750.JPG
863,391.4158630371094,660.0662841796875,534.0081787109375,967.1953125,0.7111314535140991,1,IM_05750.JPG
863,144.49900817871094,650.3497924804688,258.173095703125,938.3959350585938,0.6857986450195312,1,IM_05750.JPG
863,133.09423828125,649.0797119140625,305.9759216308594,939.5574951171875,0.44219890236854553,1,IM_05750.JPG
863,174.90155029296875,653.2769775390625,246.74856567382812,938.9236450195312,0.32693779468536377,1,IM_05750.JPG
863,256.245849609375,654.2874755859375,384.48590087890625,704.614990234375,0.2547370195388794,1,IM_05750.JPG
864,388.2563781738281,627.093994140625,564.7864379882812,967.779541015625,0.8363643288612366,1,IM_05751.JPG
864,130.38034057617188,635.2618408203125,260.95953369140625,940.98583984375,0.5386505126953125,1,IM_05751.JPG
865,394.9254455566406,635.6651611328125,564.5549926757812,967.8400268554688,0.8427631855010986,1,IM_05752.JPG
865,122.75340270996094,631.9877319335938,271.5570373535156,942.8499755859375,0.6199358701705933,1,IM_05752.JPG
866,503.0565490722656,661.999267578125,858.4839477539062,1020.151123046875,0.9082230925559998,1,IM_05763.JPG
867,829.8374633789062,579.6121215820312,884.5792236328125,696.6190185546875,0.7054312229156494,1,IM_05799.JPG
867,936.4083251953125,604.72900390625,1022.22509765625,744.671142578125,0.6663095355033875,1,IM_05799.JPG
867,648.1058959960938,599.319091796875,707.9625244140625,709.1478271484375,0.2508912980556488,1,IM_05799.JPG
868,1194.845458984375,667.7628173828125,1366.4779052734375,927.0272216796875,0.8572614789009094,1,IM_05800.JPG
868,1005.0280151367188,612.9999389648438,1101.1474609375,791.0653076171875,0.681544840335846,1,IM_05800.JPG
869,111.99311828613281,594.6970825195312,276.6149597167969,706.0874633789062,0.8959936499595642,1,IM_05851.JPG
869,644.5826416015625,618.0950927734375,730.198486328125,793.8494873046875,0.575322151184082,1,IM_05851.JPG
869,656.0524291992188,631.321533203125,711.587890625,793.76171875,0.3951544761657715,1,IM_05851.JPG
870,893.5147705078125,717.85400390625,1135.64501953125,1021.3046264648438,0.8390483260154724,1,IM_05852.JPG
871,964.7822265625,595.6260986328125,1083.4034423828125,749.442138671875,0.8363962173461914,1,IM_05873.JPG
872,1569.2698974609375,630.887451171875,1793.3514404296875,857.5511474609375,0.8853503465652466,1,IM_05879.JPG
872,1249.120849609375,598.967041015625,1387.5797119140625,753.0286865234375,0.7575660943984985,1,IM_05879.JPG
872,926.2699584960938,581.127685546875,1000.3016967773438,671.4656982421875,0.6289161443710327,1,IM_05879.JPG
873,1041.8338623046875,599.6398315429688,1141.27490234375,729.4112548828125,0.8843131065368652,1,IM_05880.JPG
873,1551.988525390625,610.45654296875,1760.91015625,828.1832885742188,0.8519651889801025,1,IM_05880.JPG
873,964.9818115234375,587.691650390625,1026.179931640625,670.3943481445312,0.7336194515228271,1,IM_05880.JPG
873,823.5668334960938,573.406005859375,866.5449829101562,630.4892578125,0.3659362494945526,1,IM_05880.JPG
873,981.6923217773438,592.9127197265625,1026.388671875,670.9352416992188,0.31667524576187134,1,IM_05880.JPG
874,1519.712646484375,622.2317504882812,1699.711181640625,819.5755004882812,0.8831028342247009,1,IM_05887.JPG
875,971.17822265625,586.620361328125,1024.63720703125,669.0943603515625,0.6508186459541321,1,IM_05890.JPG
875,857.9881591796875,570.16748046875,888.8370361328125,633.238525390625,0.4981272220611572,1,IM_05890.JPG
876,1180.644775390625,588.16162109375,1278.337890625,713.2189331054688,0.8700457811355591,1,IM_05893.JPG
877,926.7008056640625,589.17236328125,968.2086181640625,642.6527099609375,0.2999255359172821,1,IM_05894.JPG
878,883.06982421875,595.8489990234375,963.0162353515625,754.6144409179688,0.6454440355300903,1,IM_05895.JPG
879,1030.85888671875,595.710693359375,1108.7603759765625,748.31396484375,0.7327554821968079,1,IM_05907.JPG
880,1678.2506103515625,782.7811889648438,1920.0,1022.4252319335938,0.8071929812431335,1,IM_05908.JPG
881,1222.455322265625,664.1002197265625,1405.462890625,952.40283203125,0.850632905960083,1,IM_05925.JPG
882,997.0958862304688,637.0651245117188,1096.3656005859375,797.7811889648438,0.7319473624229431,1,IM_05931.JPG
884,1006.8746337890625,592.308837890625,1092.08935546875,702.3922119140625,0.866116464138031,1,IM_05935.JPG
885,949.929931640625,578.96923828125,1010.98974609375,682.2423706054688,0.6107523441314697,1,IM_05941.JPG
885,801.5560913085938,611.1959838867188,858.0291137695312,711.8626098632812,0.2605389952659607,1,IM_05941.JPG
886,1394.207763671875,621.9910888671875,1583.4561767578125,794.4696044921875,0.8584627509117126,1,IM_05942.JPG
887,298.1348876953125,598.54248046875,424.6036376953125,691.16845703125,0.825687050819397,1,IM_05949.JPG
887,532.8235473632812,580.2533569335938,585.1821899414062,663.8208618164062,0.621491551399231,1,IM_05949.JPG
888,277.63494873046875,606.3291015625,368.34600830078125,699.3851318359375,0.820517897605896,1,IM_05950.JPG
888,501.2633972167969,584.3807373046875,559.3642578125,674.2846069335938,0.6325799226760864,1,IM_05950.JPG
889,265.54998779296875,617.64208984375,379.1516418457031,696.9973754882812,0.7520988583564758,1,IM_05951.JPG
890,1472.5458984375,632.531005859375,1652.3250732421875,809.1326904296875,0.8865652084350586,1,IM_05953.JPG
890,1173.074951171875,581.546875,1260.7415771484375,716.599853515625,0.8526064157485962,1,IM_05953.JPG
890,479.7901611328125,581.1930541992188,554.2603759765625,676.675048828125,0.704216718673706,1,IM_05953.JPG
890,27.342266082763672,613.088134765625,115.47393035888672,688.167724609375,0.6972814798355103,1,IM_05953.JPG
891,1569.186767578125,633.058349609375,1774.9185791015625,836.941162109375,0.8738176822662354,1,IM_05954.JPG
891,477.62188720703125,577.6394653320312,550.9087524414062,676.3208618164062,0.7291624546051025,1,IM_05954.JPG
891,993.5120849609375,597.8480224609375,1044.3897705078125,666.966552734375,0.7012783288955688,1,IM_05954.JPG
891,6.714534759521484,607.708740234375,133.79568481445312,691.598876953125,0.6475873589515686,1,IM_05954.JPG
891,931.5639038085938,583.039794921875,968.3329467773438,638.7581787109375,0.4239966869354248,1,IM_05954.JPG
891,921.9364013671875,570.5426025390625,972.176513671875,636.0162353515625,0.30147990584373474,1,IM_05954.JPG
892,530.1568603515625,581.5521240234375,668.4644775390625,676.23486328125,0.7910210490226746,1,IM_05959.JPG
893,335.9959716796875,679.257080078125,483.23455810546875,957.8248291015625,0.7823557257652283,1,IM_05963.JPG
894,645.4871826171875,597.3636474609375,699.21728515625,724.575927734375,0.664063036441803,1,IM_05964.JPG
895,1141.265380859375,763.021728515625,1543.043212890625,1022.835205078125,0.9171774983406067,1,IM_05969.JPG
896,870.356689453125,600.7200927734375,949.8079833984375,755.0892333984375,0.6326596736907959,1,IM_05987.JPG
897,1504.485595703125,786.6353759765625,1918.07177734375,1020.7247314453125,0.8845667839050293,1,IM_05988.JPG
898,113.80520629882812,666.0078125,335.319091796875,891.1836547851562,0.8887766003608704,1,IM_05991.JPG
899,705.374267578125,661.7114868164062,829.197998046875,907.8535766601562,0.7715256214141846,1,IM_06010.JPG
899,298.04888916015625,688.2877807617188,348.8240966796875,795.7091674804688,0.6625033617019653,1,IM_06010.JPG
900,1.8355979919433594,711.08740234375,125.712890625,898.695068359375,0.7682453989982605,1,IM_06016.JPG
900,861.135009765625,621.0243530273438,927.8538818359375,772.7635498046875,0.5256168246269226,1,IM_06016.JPG
900,310.1737976074219,829.043701171875,436.88525390625,1024.899169921875,0.45174098014831543,1,IM_06016.JPG
901,960.659912109375,670.00830078125,1175.668212890625,992.639892578125,0.8836193680763245,1,IM_06028.JPG
901,1201.8720703125,616.5708618164062,1342.147705078125,757.156982421875,0.8432071805000305,1,IM_06028.JPG
901,802.717529296875,585.2041015625,861.711181640625,673.6181030273438,0.6487306952476501,1,IM_06028.JPG
902,1436.0703125,632.3241577148438,1629.832275390625,845.2408447265625,0.8465648889541626,1,IM_06039.JPG
903,1451.44140625,621.7247314453125,1643.339111328125,788.8368530273438,0.88499915599823,1,IM_06040.JPG
903,1085.6070556640625,606.776123046875,1159.187744140625,720.7201538085938,0.7182528972625732,1,IM_06040.JPG
904,1156.872314453125,617.677490234375,1279.441162109375,748.7337646484375,0.836765468120575,1,IM_06055.JPG
905,854.0150146484375,577.5792236328125,967.8115234375,685.52294921875,0.8109294176101685,1,IM_06056.JPG
906,1713.1556396484375,666.3480224609375,1918.7552490234375,968.4632568359375,0.8998544812202454,1,IM_06057.JPG
906,1253.2861328125,613.178955078125,1424.3067626953125,840.2694091796875,0.7782511711120605,1,IM_06057.JPG
907,1182.0570068359375,598.3525390625,1270.1435546875,719.212890625,0.789885401725769,1,IM_06058.JPG
907,948.27734375,594.9546508789062,1002.9888916015625,692.6019897460938,0.6703640818595886,1,IM_06058.JPG
908,1242.173583984375,641.351806640625,1352.36865234375,837.1495971679688,0.7168905735015869,1,IM_06068.JPG
908,5.664207458496094,668.239013671875,302.8913269042969,928.30810546875,0.5215232968330383,1,IM_06068.JPG
908,3.8693618774414062,665.959716796875,218.85630798339844,889.417236328125,0.4426299035549164,1,IM_06068.JPG
908,746.07666015625,579.673583984375,799.2281494140625,666.0592651367188,0.33067086338996887,1,IM_06068.JPG
908,87.92947387695312,734.164794921875,303.03692626953125,924.7581787109375,0.30778658390045166,1,IM_06068.JPG
908,92.86129760742188,737.6644287109375,303.608642578125,922.8385009765625,0.25665709376335144,1,IM_06068.JPG
909,1319.570068359375,643.9718017578125,1546.85205078125,916.794189453125,0.8918461799621582,1,IM_06077.JPG
909,857.4892578125,586.5217895507812,896.77685546875,657.0192260742188,0.4471146762371063,1,IM_06077.JPG
910,1086.5731201171875,604.1549072265625,1168.099609375,738.0006103515625,0.520012378692627,1,IM_06078.JPG
911,990.9208374023438,616.391845703125,1078.866455078125,773.912109375,0.7508590817451477,1,IM_06089.JPG
912,1345.4161376953125,719.1878662109375,1628.69091796875,1013.3746948242188,0.894903302192688,1,IM_06090.JPG
913,1695.1922607421875,640.9986572265625,1919.14453125,874.7166137695312,0.892139196395874,1,IM_06091.JPG
913,1233.8411865234375,622.1444091796875,1332.544921875,725.290283203125,0.6580100655555725,1,IM_06091.JPG
914,1220.165771484375,620.39111328125,1330.10302734375,729.1796875,0.7013913989067078,1,IM_06092.JPG
914,988.1526489257812,581.8466186523438,1040.664306640625,663.8103637695312,0.6565942168235779,1,IM_06092.JPG
915,903.6692504882812,605.02001953125,973.27294921875,716.0875854492188,0.8022423386573792,1,IM_06099.JPG
915,1021.7669677734375,598.4954223632812,1080.4581298828125,663.745849609375,0.47962650656700134,1,IM_06099.JPG
916,1159.696533203125,579.0810546875,1251.36669921875,706.3276977539062,0.7955229878425598,1,IM_06103.JPG
917,1460.1298828125,639.1103515625,1630.1253662109375,842.0692138671875,0.800261378288269,1,IM_06117.JPG
917,1882.0213623046875,888.968994140625,1919.40966796875,1021.9714965820312,0.45619773864746094,1,IM_06117.JPG
918,1150.3212890625,628.932373046875,1230.2178955078125,767.9708251953125,0.7379825711250305,1,IM_06118.JPG
918,1085.783935546875,606.453125,1157.3741455078125,700.27978515625,0.68704754114151,1,IM_06118.JPG
919,712.640625,599.39599609375,788.7921752929688,769.3753662109375,0.6229733228683472,1,IM_06119.JPG
920,1005.8829345703125,630.739990234375,1224.2823486328125,921.7450561523438,0.858803927898407,1,IM_06120.JPG
920,1394.891845703125,704.755859375,1482.19873046875,783.2943115234375,0.30487191677093506,1,IM_06120.JPG
921,1433.937744140625,703.7440185546875,1836.6859130859375,1023.7603759765625,0.9153294563293457,1,IM_06123.JPG
922,1007.9320068359375,599.8528442382812,1126.3580322265625,718.1803588867188,0.8273061513900757,1,IM_06131.JPG
923,1458.49560546875,640.7457885742188,1636.5640869140625,829.3150634765625,0.8351458311080933,1,IM_06137.JPG
924,1126.50732421875,597.8868408203125,1199.8905029296875,698.498779296875,0.7092819213867188,1,IM_06138.JPG
925,991.3216552734375,626.225341796875,1089.5914306640625,828.217041015625,0.7707223892211914,1,IM_06147.JPG
926,1496.8095703125,734.0848388671875,1873.6014404296875,1023.2620239257812,0.9191778302192688,1,IM_06148.JPG
926,806.1919555664062,610.4625244140625,873.1748657226562,742.2265625,0.7248890995979309,1,IM_06148.JPG
927,882.755859375,612.1397094726562,991.1819458007812,740.606201171875,0.7874985933303833,1,IM_06164.JPG
927,797.7112426757812,609.1910400390625,858.7423095703125,696.4725341796875,0.7062041163444519,1,IM_06164.JPG
928,1332.74755859375,665.9169921875,1653.643310546875,1021.810791015625,0.916686475276947,1,IM_06176.JPG
928,944.21435546875,624.7489013671875,1065.3873291015625,814.7166137695312,0.739561915397644,1,IM_06176.JPG
929,1792.8759765625,688.4071655273438,1919.0810546875,990.2607421875,0.8354582190513611,1,IM_06188.JPG
929,958.4385986328125,629.1531982421875,1054.54443359375,803.4124755859375,0.7445377111434937,1,IM_06188.JPG
929,766.101318359375,631.183837890625,855.54833984375,813.7708740234375,0.6944496035575867,1,IM_06188.JPG
929,1188.7568359375,637.6485595703125,1334.3089599609375,771.0367431640625,0.2985946238040924,1,IM_06188.JPG
930,152.75271606445312,585.3231201171875,315.39984130859375,707.1376953125,0.881489098072052,1,IM_06193.JPG
930,900.9164428710938,607.205322265625,958.7001342773438,749.95361328125,0.5796618461608887,1,IM_06193.JPG
930,976.5948486328125,627.6522216796875,1067.4078369140625,815.84619140625,0.5569444298744202,1,IM_06193.JPG
930,901.3062744140625,609.2415771484375,983.127685546875,752.3226318359375,0.5372720956802368,1,IM_06193.JPG
930,989.6666259765625,634.4767456054688,1050.7706298828125,814.8248291015625,0.39320728182792664,1,IM_06193.JPG
931,336.6614685058594,596.0927734375,409.9552917480469,692.371337890625,0.7204266786575317,1,IM_06194.JPG
931,1026.8486328125,705.8128662109375,1224.4122314453125,1022.0565185546875,0.6468572616577148,1,IM_06194.JPG
931,974.7771606445312,588.815673828125,1008.2429809570312,670.2325439453125,0.5941477417945862,1,IM_06194.JPG
931,785.4481201171875,667.7864990234375,872.6033935546875,907.2218017578125,0.5359561443328857,1,IM_06194.JPG
931,950.175048828125,586.6199951171875,1007.450927734375,669.7432861328125,0.5207312703132629,1,IM_06194.JPG
931,1018.7596435546875,701.6229248046875,1338.1607666015625,1004.6849365234375,0.49496883153915405,1,IM_06194.JPG
931,247.1824951171875,573.5914306640625,305.5103759765625,652.4359130859375,0.4790938198566437,1,IM_06194.JPG
931,247.98184204101562,570.9541015625,304.8126525878906,629.9827270507812,0.38927173614501953,1,IM_06194.JPG
931,794.5264892578125,678.08642578125,853.638427734375,905.6949462890625,0.25481653213500977,1,IM_06194.JPG
932,1491.401123046875,670.2463989257812,1742.138916015625,876.3971557617188,0.8967747688293457,1,IM_06202.JPG
933,1214.429443359375,634.1473388671875,1497.488525390625,939.9219360351562,0.9078913927078247,1,IM_06203.JPG
934,1016.7440185546875,567.4066162109375,1097.0013427734375,709.232666015625,0.6732730865478516,1,IM_06251.JPG
936,1641.400634765625,652.4708862304688,1869.9276123046875,862.7764892578125,0.8793371319770813,1,IM_06253.JPG
936,1446.339111328125,675.3007202148438,1656.9005126953125,936.7913818359375,0.8790208101272583,1,IM_06253.JPG
937,1195.958740234375,608.7376708984375,1289.2447509765625,729.8753662109375,0.7503702640533447,1,IM_06254.JPG
937,1081.37890625,625.944091796875,1174.44384765625,764.8206787109375,0.5391023755073547,1,IM_06254.JPG
938,756.1058959960938,721.400390625,896.1229248046875,957.4528198242188,0.6602861881256104,1,IM_06261.JPG
938,774.7205200195312,727.4672241210938,861.8856811523438,953.495361328125,0.2789577543735504,1,IM_06261.JPG
939,1109.389892578125,614.4781494140625,1199.5712890625,708.986572265625,0.692304253578186,1,IM_06273.JPG
939,971.4519653320312,577.1680297851562,1041.144775390625,666.2070922851562,0.5952178239822388,1,IM_06273.JPG
939,926.647705078125,580.2910766601562,1041.68408203125,664.0848388671875,0.38675346970558167,1,IM_06273.JPG
940,939.4601440429688,589.7238159179688,986.4058227539062,656.276123046875,0.5380785465240479,1,IM_06274.JPG
941,714.2993774414062,607.521240234375,768.8695068359375,751.5164794921875,0.7015441656112671,1,IM_06277.JPG
941,844.5516357421875,649.2919921875,974.3375244140625,865.7136840820312,0.6077322959899902,1,IM_06277.JPG
941,779.7740478515625,691.819091796875,839.4056396484375,789.9959106445312,0.4210900366306305,1,IM_06277.JPG
941,792.0029296875,690.7744140625,849.0025634765625,793.8858032226562,0.28370150923728943,1,IM_06277.JPG
942,1152.5423583984375,726.4735717773438,1445.208251953125,1021.531494140625,0.8823840618133545,1,IM_06278.JPG
942,753.6245727539062,627.5234985351562,871.0433349609375,833.5618286132812,0.7758594751358032,1,IM_06278.JPG
942,1007.527587890625,761.63671875,1098.498046875,923.635986328125,0.4482651352882385,1,IM_06278.JPG
943,1547.5419921875,707.8734130859375,1919.519775390625,1022.0813598632812,0.5614784955978394,1,IM_06280.JPG
944,1194.419677734375,668.07861328125,1391.016845703125,910.3289794921875,0.8829398155212402,1,IM_06281.JPG
945,1019.7372436523438,615.4956665039062,1113.427978515625,801.485595703125,0.6773195862770081,1,IM_06285.JPG
946,1602.903076171875,702.8507080078125,1919.443359375,1010.3212280273438,0.8880820274353027,1,IM_06286.JPG
946,1558.672119140625,628.223388671875,1704.6357421875,780.8707275390625,0.6590806245803833,1,IM_06286.JPG
947,974.332763671875,671.0399780273438,1024.62451171875,767.3882446289062,0.3708651065826416,1,IM_06291.JPG
947,965.0672607421875,641.3382568359375,1024.47119140625,765.496826171875,0.3307284712791443,1,IM_06291.JPG
947,1381.105712890625,592.0865478515625,1517.567626953125,769.9371337890625,0.28826767206192017,1,IM_06291.JPG
947,1377.8338623046875,577.617431640625,1517.783203125,770.703369140625,0.27105680108070374,1,IM_06291.JPG
948,1262.71484375,594.2987060546875,1341.691162109375,727.7568969726562,0.6489770412445068,1,IM_06292.JPG
949,1126.556396484375,619.6456298828125,1207.569091796875,713.80615234375,0.764268159866333,1,IM_06295.JPG
950,28.558067321777344,624.671630859375,170.41824340820312,783.5511474609375,0.9003175497055054,1,IM_06303.JPG
951,393.1760559082031,723.332763671875,801.8326416015625,1020.6557006835938,0.8015637397766113,1,IM_06304.JPG
951,0.290863037109375,600.9615478515625,73.79026794433594,748.1849365234375,0.7718817591667175,1,IM_06304.JPG
951,454.8336181640625,713.064208984375,908.586181640625,1011.0580444335938,0.552688717842102,1,IM_06304.JPG
951,637.5005493164062,716.044189453125,909.611572265625,1007.5325317382812,0.5220651030540466,1,IM_06304.JPG
952,1141.197509765625,623.74560546875,1281.9766845703125,805.8902587890625,0.867645263671875,1,IM_06316.JPG
953,1180.450927734375,699.1914672851562,1454.30419921875,1023.1929931640625,0.8783330917358398,1,IM_06323.JPG
954,816.8843994140625,614.9024047851562,885.8615112304688,760.410888671875,0.7586274743080139,1,IM_06324.JPG
954,972.918212890625,661.00048828125,1075.0775146484375,836.028076171875,0.6516180038452148,1,IM_06324.JPG
955,1356.9853515625,725.75,1734.1937255859375,1022.0289306640625,0.9012638330459595,1,IM_06327.JPG
955,870.2631225585938,617.8643188476562,941.9888305664062,767.9549560546875,0.7599684596061707,1,IM_06327.JPG
956,1263.579833984375,709.0925903320312,1556.217041015625,1009.1497192382812,0.9039736390113831,1,IM_06328.JPG
957,1534.564697265625,621.1854858398438,1711.86376953125,794.9269409179688,0.8890748620033264,1,IM_06329.JPG
958,1160.2462158203125,620.3585815429688,1243.2911376953125,714.4920043945312,0.75447678565979,1,IM_06330.JPG
959,1409.29541015625,686.342041015625,1752.046142578125,1022.773193359375,0.9424128532409668,1,IM_06331.JPG
960,850.20068359375,606.988525390625,977.4090576171875,814.172119140625,0.7621315121650696,1,IM_06373.JPG
961,1660.7940673828125,747.2631225585938,1919.044921875,1023.239501953125,0.5927817225456238,1,IM_06374.JPG
961,697.9068603515625,592.229736328125,743.958251953125,676.583740234375,0.470874160528183,1,IM_06374.JPG
961,1660.0946044921875,853.5498046875,1919.3822021484375,1022.8388671875,0.41625499725341797,1,IM_06374.JPG
962,1526.826171875,634.1812133789062,1739.27880859375,827.573974609375,0.8922193646430969,1,IM_06375.JPG
962,901.1041259765625,575.0081787109375,945.193359375,652.611083984375,0.49203890562057495,1,IM_06375.JPG
962,1692.143798828125,337.5819396972656,1917.334228515625,404.42156982421875,0.2760731279850006,1,IM_06375.JPG
963,1400.6473388671875,642.593505859375,1601.03125,838.8081665039062,0.8518147468566895,1,IM_06377.JPG
964,1007.4979248046875,620.644775390625,1089.038818359375,706.1588745117188,0.764213502407074,1,IM_06378.JPG
965,1479.3760986328125,619.9840087890625,1682.1474609375,832.5980224609375,0.8341001868247986,1,IM_06379.JPG
966,1489.481689453125,657.911865234375,1691.5968017578125,849.5623168945312,0.9020232558250427,1,IM_06385.JPG
967,1053.704833984375,620.1515502929688,1162.2088623046875,725.7228393554688,0.7760880589485168,1,IM_06386.JPG
968,1049.868408203125,626.3516235351562,1144.328369140625,736.0449829101562,0.8538658618927002,1,IM_06401.JPG
969,887.66015625,608.670654296875,972.08056640625,701.330078125,0.8255020976066589,1,IM_06402.JPG
970,1016.2688598632812,617.9447021484375,1131.518310546875,767.5838012695312,0.8661423921585083,1,IM_06403.JPG
971,1448.75146484375,615.230224609375,1650.733642578125,826.3138427734375,0.8844402432441711,1,IM_06405.JPG
972,1601.734130859375,626.2062377929688,1869.05712890625,869.2853393554688,0.8702539205551147,1,IM_06406.JPG
972,1092.935302734375,572.869384765625,1195.5574951171875,710.7957763671875,0.5760082006454468,1,IM_06406.JPG
972,1692.1259765625,337.3836669921875,1916.244140625,404.46856689453125,0.25658470392227173,1,IM_06406.JPG
973,908.905517578125,592.466796875,967.6536254882812,695.5047607421875,0.6969156265258789,1,IM_06416.JPG
973,756.2991333007812,589.3988037109375,809.912109375,714.808349609375,0.6652564406394958,1,IM_06416.JPG
974,1384.837890625,609.6270141601562,1642.3912353515625,863.0562744140625,0.7518391013145447,1,IM_06447.JPG
974,1071.498291015625,638.2197875976562,1206.9735107421875,822.4371337890625,0.7046526074409485,1,IM_06447.JPG
975,756.164306640625,591.3495483398438,806.887451171875,685.7664184570312,0.6989336013793945,1,IM_06448.JPG
975,945.0054931640625,583.8743896484375,1009.6944580078125,694.249267578125,0.5154086947441101,1,IM_06448.JPG
975,942.232177734375,591.109375,989.364990234375,690.61767578125,0.27755576372146606,1,IM_06448.JPG
976,1298.675537109375,640.6436767578125,1466.5345458984375,806.7896728515625,0.8216475248336792,1,IM_06451.JPG
976,1873.440673828125,779.5587158203125,1919.4345703125,962.6442260742188,0.480936735868454,1,IM_06451.JPG
977,1051.248779296875,691.4581909179688,1256.52392578125,989.3426513671875,0.8911699652671814,1,IM_06457.JPG
978,783.9180908203125,609.3740234375,892.1334228515625,827.1018676757812,0.6645764112472534,1,IM_06469.JPG
978,797.1661376953125,626.7325439453125,874.01806640625,828.1781005859375,0.4600410759449005,1,IM_06469.JPG
979,1165.8240966796875,707.2116088867188,1572.025146484375,1022.548828125,0.9010419845581055,1,IM_06470.JPG
980,1425.100830078125,602.6282958984375,1570.798583984375,807.2180786132812,0.8548048138618469,1,IM_06481.JPG
980,579.6649169921875,602.3560180664062,649.1192016601562,673.7378540039062,0.5865762233734131,1,IM_06481.JPG
981,1071.410888671875,587.5924682617188,1130.634521484375,679.45849609375,0.7667101621627808,1,IM_06482.JPG
981,653.5458984375,566.5146484375,700.6393432617188,659.371337890625,0.2553773820400238,1,IM_06482.JPG
982,1402.314697265625,618.7630004882812,1575.876220703125,805.9658203125,0.8566102981567383,1,IM_06483.JPG
983,1038.17236328125,599.4608154296875,1114.0255126953125,690.300537109375,0.7557429671287537,1,IM_06484.JPG
984,1069.878662109375,576.51171875,1141.8544921875,697.8094482421875,0.8404475450515747,1,IM_06485.JPG
985,1426.2421875,619.524658203125,1588.5318603515625,883.0665893554688,0.8553333282470703,1,IM_06486.JPG
986,690.5133056640625,621.1182861328125,734.50732421875,701.5572509765625,0.5935899019241333,1,IM_06491.JPG
987,536.8339233398438,802.03271484375,848.5120239257812,1023.451904296875,0.7830298542976379,1,IM_06499.JPG
989,863.7867431640625,580.147705078125,921.363037109375,695.8870239257812,0.6582297682762146,1,IM_06507.JPG
990,950.2760009765625,620.1104736328125,1045.9302978515625,806.6348876953125,0.7475763559341431,1,IM_06508.JPG
991,915.51123046875,600.1809692382812,966.9224853515625,692.6820068359375,0.7203436493873596,1,IM_06510.JPG
992,799.1354370117188,611.6735229492188,846.0386352539062,704.725830078125,0.5879174470901489,1,IM_06519.JPG
993,1380.50634765625,619.9921875,1494.89404296875,756.2982788085938,0.6621682047843933,1,IM_06537.JPG
993,1101.398681640625,650.9768676757812,1284.115234375,821.7879638671875,0.536526083946228,1,IM_06537.JPG
994,792.1283569335938,592.08544921875,853.8848876953125,692.8939819335938,0.8338660001754761,1,IM_06546.JPG
994,1661.8663330078125,719.41455078125,1919.2833251953125,1022.5343627929688,0.7748974561691284,1,IM_06546.JPG
994,1169.3770751953125,591.5889892578125,1258.775390625,696.2390747070312,0.5704317688941956,1,IM_06546.JPG
994,617.7145385742188,615.847900390625,679.077392578125,682.5477294921875,0.5504429340362549,1,IM_06546.JPG
994,742.8506469726562,596.2567749023438,778.8150634765625,656.7588500976562,0.2808963656425476,1,IM_06546.JPG
995,1607.3653564453125,625.735107421875,1838.9520263671875,797.0070190429688,0.9052239656448364,1,IM_06547.JPG
995,1158.41943359375,584.8333740234375,1251.51123046875,691.9491577148438,0.7414373159408569,1,IM_06547.JPG
995,710.8870849609375,653.726806640625,767.84765625,761.6048583984375,0.5081446170806885,1,IM_06547.JPG
995,711.375,645.333740234375,794.4215698242188,764.170654296875,0.3304155170917511,1,IM_06547.JPG
996,1214.349365234375,608.020751953125,1401.02294921875,758.552490234375,0.8815646767616272,1,IM_06548.JPG
996,1148.416015625,593.302490234375,1247.370361328125,691.612548828125,0.5989540219306946,1,IM_06548.JPG
997,361.9561767578125,592.7606201171875,479.4571533203125,689.9891357421875,0.8257420063018799,1,IM_06549.JPG
997,712.2236938476562,816.2633056640625,952.3143310546875,1022.113037109375,0.7483731508255005,1,IM_06549.JPG
998,711.7703247070312,814.027099609375,952.4000244140625,1022.450927734375,0.7836980819702148,1,IM_06550.JPG
998,0.5707912445068359,590.5142211914062,75.68425750732422,701.589111328125,0.6928589940071106,1,IM_06550.JPG
999,1122.9129638671875,680.4940795898438,1370.697509765625,982.81640625,0.8899115324020386,1,IM_06554.JPG
999,721.1469116210938,817.86328125,952.4820556640625,1023.437255859375,0.661054790019989,1,IM_06554.JPG
1000,1094.420654296875,611.816650390625,1236.062255859375,779.5439453125,0.828006386756897,1,IM_06559.JPG
1000,715.8515625,815.1011962890625,948.4691162109375,1023.4854736328125,0.6794396638870239,1,IM_06559.JPG
1001,1478.0794677734375,612.3465576171875,1719.06884765625,822.301025390625,0.8686016201972961,1,IM_06561.JPG
1001,724.451171875,832.8592529296875,948.80224609375,1023.7313232421875,0.44593551754951477,1,IM_06561.JPG
1002,1118.56640625,588.63720703125,1208.029541015625,720.8975830078125,0.7823885679244995,1,IM_06562.JPG
1002,718.2933349609375,818.5548706054688,947.952880859375,1023.7743530273438,0.5770729780197144,1,IM_06562.JPG
1003,851.9912109375,588.0105590820312,890.953125,670.7985229492188,0.6790652275085449,1,IM_06577.JPG
1003,1032.19287109375,561.6340942382812,1093.6993408203125,663.5513305664062,0.523584246635437,1,IM_06577.JPG
1003,1035.875732421875,587.3533935546875,1095.58642578125,665.201416015625,0.27677297592163086,1,IM_06577.JPG
1005,1075.26904296875,585.4500732421875,1166.342041015625,711.013427734375,0.7755166888237,1,IM_06579.JPG
1006,1077.4111328125,597.4925537109375,1163.38232421875,751.4057006835938,0.5954675078392029,1,IM_06581.JPG
1007,755.4747924804688,616.2559814453125,849.42333984375,770.3252563476562,0.846078097820282,1,IM_06595.JPG
1007,986.5831298828125,611.3505249023438,1088.8162841796875,777.93017578125,0.8208805322647095,1,IM_06595.JPG
1007,515.4735107421875,581.8126220703125,569.052490234375,659.1231079101562,0.39257240295410156,1,IM_06595.JPG
1008,1569.978515625,696.1627197265625,1919.419921875,1022.78271484375,0.9408210515975952,1,IM_06596.JPG
1008,1168.704833984375,741.2462768554688,1445.268798828125,1023.4374389648438,0.888098955154419,1,IM_06596.JPG
1009,1328.0899658203125,668.6640625,1489.1949462890625,907.7715454101562,0.8348677754402161,1,IM_06602.JPG
1010,1341.760498046875,664.4119873046875,1459.50244140625,789.9052734375,0.6609513759613037,1,IM_06603.JPG
1011,1030.8502197265625,617.7123413085938,1080.6842041015625,690.591796875,0.6969718337059021,1,IM_06604.JPG
1012,1142.976806640625,590.43017578125,1241.5523681640625,742.79052734375,0.7601159811019897,1,IM_06607.JPG
1013,939.9607543945312,733.1367797851562,1242.935791015625,1022.3671875,0.7887012958526611,1,IM_06611.JPG
1014,1216.01171875,604.1566162109375,1368.412841796875,770.2849731445312,0.7705420255661011,1,IM_06634.JPG
1015,1045.701171875,584.4373779296875,1122.365234375,711.836669921875,0.8113706111907959,1,IM_06637.JPG
1017,1631.552490234375,620.0946044921875,1887.999755859375,856.4518432617188,0.8930568695068359,1,IM_06654.JPG
1017,916.47509765625,642.5755615234375,1004.1516723632812,792.186767578125,0.7798033356666565,1,IM_06654.JPG
1017,822.6520385742188,597.1422119140625,869.4559936523438,670.2628173828125,0.3585730195045471,1,IM_06654.JPG
1017,821.6618041992188,611.2666625976562,852.3488159179688,668.994140625,0.3193759024143219,1,IM_06654.JPG
1018,921.3724365234375,610.709716796875,987.1600341796875,785.87158203125,0.6563442945480347,1,IM_06655.JPG
1018,766.8734741210938,576.8358764648438,803.1251220703125,665.0150756835938,0.43780142068862915,1,IM_06655.JPG
1019,1029.1102294921875,614.9298706054688,1150.4560546875,783.8307495117188,0.5449486970901489,1,IM_06656.JPG
1019,983.552978515625,596.6467895507812,1150.975830078125,782.02978515625,0.3586278557777405,1,IM_06656.JPG
1020,1592.0537109375,673.1668701171875,1855.775390625,910.619140625,0.9089010953903198,1,IM_06659.JPG
1021,1033.14208984375,607.9150390625,1088.313232421875,702.0048828125,0.5592021346092224,1,IM_06660.JPG
1022,711.2401123046875,603.2536010742188,758.4896240234375,712.6937255859375,0.6158297657966614,1,IM_06664.JPG
1022,781.762939453125,591.1499633789062,821.5770263671875,675.6044311523438,0.5019550323486328,1,IM_06664.JPG
1023,1655.457275390625,633.30419921875,1848.6580810546875,815.95849609375,0.8925409913063049,1,IM_06665.JPG
1023,1370.154541015625,638.6871337890625,1600.334716796875,841.851806640625,0.8737611770629883,1,IM_06665.JPG
1024,1006.7698974609375,616.6920776367188,1085.1815185546875,715.4038696289062,0.8792967796325684,1,IM_06666.JPG
1024,1188.493408203125,589.9179077148438,1290.45361328125,708.3728637695312,0.8243305087089539,1,IM_06666.JPG
1025,288.62445068359375,680.6726684570312,534.4647827148438,945.4625244140625,0.9116747975349426,1,IM_06674.JPG
1026,1021.1698608398438,580.79052734375,1086.423828125,693.7351684570312,0.719866931438446,1,IM_06677.JPG
1027,1363.9793701171875,608.994140625,1487.0540771484375,820.2837524414062,0.7218601703643799,1,IM_06678.JPG
1028,1007.8914184570312,599.83203125,1057.75146484375,707.3538208007812,0.6056796908378601,1,IM_06679.JPG
1030,1508.8790283203125,645.6065673828125,1756.9775390625,868.933837890625,0.8943184018135071,1,IM_06703.JPG
1031,1086.9013671875,631.666015625,1234.4259033203125,780.125,0.8351079225540161,1,IM_06704.JPG
1032,1007.8634033203125,601.310546875,1111.6878662109375,771.68212890625,0.8329330682754517,1,IM_06705.JPG
1032,728.3735961914062,588.04345703125,783.8853759765625,691.2254028320312,0.685642659664154,1,IM_06705.JPG
1033,1055.39111328125,652.389892578125,1217.739013671875,883.34228515625,0.810967743396759,1,IM_06706.JPG
1033,1822.36376953125,815.3477783203125,1919.401611328125,1023.41748046875,0.6314489245414734,1,IM_06706.JPG
1033,749.0388793945312,584.1312255859375,787.5091552734375,658.9825439453125,0.50738924741745,1,IM_06706.JPG
1033,741.5667724609375,561.3275756835938,784.1923828125,657.5052490234375,0.28124287724494934,1,IM_06706.JPG
1034,873.7216186523438,611.234375,994.4600830078125,814.8753662109375,0.7332620024681091,1,IM_06707.JPG
1035,1524.9007568359375,705.7275390625,1918.5498046875,1023.46826171875,0.9166686534881592,1,IM_06708.JPG
1036,942.7955932617188,613.4928588867188,1047.376953125,801.634765625,0.6672427654266357,1,IM_06709.JPG
1037,893.0938110351562,632.4403076171875,976.7155151367188,789.737060546875,0.7068659067153931,1,IM_06713.JPG
1038,1295.0467529296875,603.9966430664062,1439.9014892578125,770.6385498046875,0.8538194894790649,1,IM_06719.JPG
1039,885.1386108398438,606.530517578125,947.7059326171875,723.5894775390625,0.5927333831787109,1,IM_06731.JPG
1039,799.5254516601562,624.6491088867188,882.6524047851562,782.8909912109375,0.4207392632961273,1,IM_06731.JPG
1039,815.6098022460938,621.7175903320312,867.1766967773438,786.07177734375,0.2638179063796997,1,IM_06731.JPG
1040,1417.9189453125,633.834716796875,1589.06298828125,810.152099609375,0.8435748815536499,1,IM_06751.JPG
1041,1079.42919921875,590.4730224609375,1127.88525390625,689.5220947265625,0.647468090057373,1,IM_06752.JPG
1042,917.3018188476562,590.51416015625,1062.2860107421875,712.5943603515625,0.8464556932449341,1,IM_06765.JPG
1043,918.3380126953125,604.2647705078125,1012.09130859375,787.5596923828125,0.49232780933380127,1,IM_06778.JPG
1043,573.085205078125,574.2801513671875,611.427734375,641.2166748046875,0.3503575623035431,1,IM_06778.JPG
1043,647.6014404296875,615.5087890625,700.4169921875,719.3096923828125,0.252074658870697,1,IM_06778.JPG
1044,1330.001708984375,649.0167846679688,1529.664306640625,892.3434448242188,0.8984696865081787,1,IM_06779.JPG
1044,469.17791748046875,708.2865600585938,743.3908081054688,1022.9631958007812,0.7873471975326538,1,IM_06779.JPG
1045,530.5230712890625,634.1131591796875,642.587890625,872.2131958007812,0.57773756980896,1,IM_06780.JPG
1045,669.74169921875,563.2412109375,702.720458984375,641.6885986328125,0.47153788805007935,1,IM_06780.JPG
1045,545.8927001953125,638.0846557617188,624.4383544921875,855.6882934570312,0.29366689920425415,1,IM_06780.JPG
1046,1229.965576171875,632.12939453125,1452.99755859375,891.35791015625,0.9035853147506714,1,IM_06808.JPG
1047,1067.0166015625,610.5737915039062,1159.437744140625,727.9512939453125,0.6319519281387329,1,IM_06813.JPG
1048,1458.073974609375,629.7581787109375,1692.2684326171875,904.4346923828125,0.8833722472190857,1,IM_06819.JPG
1049,888.4264526367188,609.8812255859375,982.824462890625,775.3138427734375,0.6792085766792297,1,IM_06842.JPG
1050,772.458984375,594.4737548828125,828.202880859375,705.8209228515625,0.8515802621841431,1,IM_06845.JPG
1050,992.4534301757812,602.9340209960938,1046.872802734375,704.7598876953125,0.6655712723731995,1,IM_06845.JPG
1051,1329.489013671875,639.017822265625,1524.24658203125,816.9315185546875,0.8910446763038635,1,IM_06846.JPG
1051,1036.40625,625.0025024414062,1187.3623046875,824.3682861328125,0.8183735013008118,1,IM_06846.JPG
1052,1329.5592041015625,613.80859375,1476.73974609375,777.5989379882812,0.6841051578521729,1,IM_06847.JPG
1054,1182.056640625,623.1256713867188,1291.65625,803.1492919921875,0.6375990509986877,1,IM_06855.JPG
1055,1276.600341796875,630.726806640625,1442.6099853515625,833.3887939453125,0.8320366144180298,1,IM_06856.JPG
1056,1113.4881591796875,655.2145385742188,1334.6982421875,962.2489013671875,0.8826320171356201,1,IM_06869.JPG
1057,903.4000854492188,615.6219482421875,955.6891479492188,737.7591552734375,0.543705940246582,1,IM_06870.JPG
1057,1061.836181640625,662.6785888671875,1142.259033203125,830.238525390625,0.45881417393684387,1,IM_06870.JPG
1057,1085.072265625,662.6798095703125,1144.47705078125,830.2571411132812,0.34333914518356323,1,IM_06870.JPG
1058,1569.12744140625,629.3070068359375,1742.234619140625,821.7528076171875,0.8580572605133057,1,IM_06875.JPG
1058,803.5001220703125,592.5404052734375,923.7802734375,757.918701171875,0.7974120378494263,1,IM_06875.JPG
1058,580.9976806640625,587.7588500976562,639.023193359375,695.1062622070312,0.7164974212646484,1,IM_06875.JPG
1058,164.1584930419922,689.0700073242188,396.328857421875,1022.6288452148438,0.6506736278533936,1,IM_06875.JPG
1059,1107.46044921875,635.0546875,1271.4637451171875,941.535888671875,0.8304740786552429,1,IM_06876.JPG
1059,746.976318359375,607.9373779296875,849.577392578125,772.6932373046875,0.7120820879936218,1,IM_06876.JPG
1059,286.6617736816406,633.4312744140625,344.79052734375,758.0750732421875,0.5266164541244507,1,IM_06876.JPG
1059,1207.3135986328125,601.1112670898438,1284.9884033203125,736.1788330078125,0.3445013463497162,1,IM_06876.JPG
1060,1104.7431640625,671.6531982421875,1292.7373046875,887.7423706054688,0.888038158416748,1,IM_06881.JPG
1060,831.7868041992188,649.4258422851562,936.9959106445312,802.0208740234375,0.7438454627990723,1,IM_06881.JPG
1062,913.2892456054688,641.768310546875,998.2461547851562,794.45703125,0.7719218730926514,1,IM_06883.JPG
1063,1578.18212890625,641.4169921875,1718.283203125,820.346923828125,0.6218549609184265,1,IM_06901.JPG
1064,1203.996337890625,593.114013671875,1280.0042724609375,717.5513916015625,0.4799935221672058,1,IM_06902.JPG
1065,1034.3408203125,574.88671875,1101.6005859375,673.7314453125,0.7009555697441101,1,IM_06906.JPG
1065,1314.912841796875,602.0247802734375,1459.65771484375,770.279296875,0.5779064893722534,1,IM_06906.JPG
1066,1356.3812255859375,685.7281494140625,1533.2861328125,885.5183715820312,0.8536943197250366,1,IM_06916.JPG
1066,1738.08935546875,747.0205078125,1919.442138671875,1004.8077392578125,0.7892127633094788,1,IM_06916.JPG
1067,933.8878784179688,746.08056640625,1143.937255859375,1021.8385009765625,0.8140633702278137,1,IM_06927.JPG
1067,661.8829345703125,585.350341796875,697.3726806640625,651.6636962890625,0.6516956686973572,1,IM_06927.JPG
1069,1060.5435791015625,628.173583984375,1370.2349853515625,947.8013916015625,0.8494351506233215,1,IM_06930.JPG
1070,1435.251953125,629.10791015625,1626.53173828125,837.4603271484375,0.8215063214302063,1,IM_06971.JPG
1070,1772.71044921875,666.3973388671875,1919.10888671875,925.8788452148438,0.7956109046936035,1,IM_06971.JPG
1071,1144.572509765625,616.50732421875,1265.1558837890625,758.1117553710938,0.8868139982223511,1,IM_06972.JPG
1071,1033.141357421875,607.1319580078125,1113.409423828125,702.7672119140625,0.7717947959899902,1,IM_06972.JPG
1072,1445.2752685546875,646.3028564453125,1638.488525390625,854.66650390625,0.8417425751686096,1,IM_06981.JPG
1073,1620.99169921875,755.35009765625,1918.552001953125,1023.3155517578125,0.8878455758094788,1,IM_06984.JPG
1075,1374.3125,771.0946655273438,1769.662109375,1021.7477416992188,0.8858236074447632,1,IM_06989.JPG
1076,689.42919921875,591.3451538085938,754.375,744.7716064453125,0.6283305883407593,1,IM_06996.JPG
1076,869.015625,648.55078125,989.272705078125,854.8324584960938,0.4955650568008423,1,IM_06996.JPG
1076,80.71833801269531,701.2030029296875,305.926025390625,1027.5052490234375,0.32685762643814087,1,IM_06996.JPG
1077,879.5601196289062,660.114013671875,967.2778930664062,836.2581787109375,0.7444881796836853,1,IM_07007.JPG
1078,965.9306030273438,583.0643920898438,1021.3441772460938,662.061767578125,0.7999325394630432,1,IM_07011.JPG
1079,963.9981689453125,618.487060546875,1076.80322265625,799.7550659179688,0.8198914527893066,1,IM_07021.JPG
1080,1236.280029296875,733.877197265625,1482.4600830078125,1022.1714477539062,0.8781701326370239,1,IM_07022.JPG
1081,1271.53662109375,614.5447998046875,1413.352294921875,769.0653076171875,0.7979953289031982,1,IM_07036.JPG
1081,1139.959716796875,584.7462158203125,1258.264892578125,700.4496459960938,0.7314630150794983,1,IM_07036.JPG
1082,838.8612060546875,611.3255615234375,918.9925537109375,769.9189453125,0.5806611180305481,1,IM_07038.JPG
1083,1238.634765625,619.498291015625,1421.05712890625,826.1160888671875,0.8452919721603394,1,IM_07073.JPG
1084,795.6366577148438,589.3333129882812,845.4613037109375,675.0169677734375,0.6431246399879456,1,IM_07074.JPG
1085,1150.578125,627.5707397460938,1275.480224609375,806.918701171875,0.7222079634666443,1,IM_07081.JPG
1086,1444.6043701171875,639.0303955078125,1612.4666748046875,805.285400390625,0.8081347942352295,1,IM_07082.JPG
1086,936.14208984375,573.7664184570312,990.177978515625,691.0538940429688,0.6088827252388,1,IM_07082.JPG
1087,1063.0421142578125,625.91455078125,1151.52197265625,769.7935180664062,0.7996676564216614,1,IM_07089.JPG
1089,1261.3701171875,607.9991455078125,1411.756103515625,806.2159423828125,0.614234983921051,1,IM_07101.JPG
1090,975.466552734375,602.0469970703125,1016.3009033203125,677.7012939453125,0.5109564661979675,1,IM_07102.JPG
1091,1041.235595703125,655.0296020507812,1190.119140625,912.030029296875,0.8269916772842407,1,IM_07103.JPG
1092,1479.8780517578125,606.4420166015625,1672.470703125,851.1864013671875,0.8807666897773743,1,IM_07105.JPG
1093,1019.7191162109375,594.3509521484375,1107.394775390625,725.1322021484375,0.6737094521522522,1,IM_07107.JPG
1094,1551.2325439453125,632.3719482421875,1858.2015380859375,951.66357421875,0.822650134563446,1,IM_07108.JPG
1095,1087.1474609375,637.8260498046875,1239.3421630859375,805.190673828125,0.884354829788208,1,IM_07120.JPG
1096,857.1432495117188,628.608642578125,1038.5546875,987.614013671875,0.7849211692810059,1,IM_07125.JPG
1097,1424.58642578125,706.0048828125,1708.565673828125,1014.1126098632812,0.858923614025116,1,IM_07129.JPG
1098,901.5750732421875,639.7718505859375,959.8927001953125,760.6781005859375,0.7263111472129822,1,IM_07130.JPG
1099,1729.5596923828125,653.6539916992188,1918.9749755859375,872.55322265625,0.8544100522994995,1,IM_07134.JPG
1100,1505.4345703125,669.2913208007812,1712.457275390625,922.6301879882812,0.8738574981689453,1,IM_07143.JPG
1101,1183.9755859375,633.691650390625,1339.4130859375,797.663330078125,0.8603771924972534,1,IM_07144.JPG
1101,1550.601318359375,649.5236206054688,1711.173828125,842.09912109375,0.8422430753707886,1,IM_07144.JPG
1102,709.9141845703125,619.8848876953125,782.2008056640625,781.6074829101562,0.7881773114204407,1,IM_07149.JPG
1102,1032.748291015625,622.7649536132812,1157.317626953125,854.8342895507812,0.7675425410270691,1,IM_07149.JPG
1102,875.99853515625,575.9385986328125,918.017578125,660.596923828125,0.5652344822883606,1,IM_07149.JPG
1103,1095.17529296875,785.3593139648438,1407.669677734375,1023.3982543945312,0.8545923233032227,1,IM_07150.JPG
1104,923.8324584960938,659.690185546875,1017.1041870117188,872.0491333007812,0.42142441868782043,1,IM_07151.JPG
1105,899.0407104492188,622.8216552734375,989.02587890625,799.08447265625,0.7666343450546265,1,IM_07153.JPG
1106,864.4630737304688,603.8860473632812,1009.7111206054688,840.8118896484375,0.7180019617080688,1,IM_07161.JPG
1107,1049.467041015625,634.3698120117188,1154.4141845703125,831.0076904296875,0.5406960248947144,1,IM_07165.JPG
1107,1096.03125,638.0533447265625,1153.40625,830.208740234375,0.28574880957603455,1,IM_07165.JPG
1107,1096.9747314453125,648.46435546875,1151.99462890625,830.3453979492188,0.25292733311653137,1,IM_07165.JPG
1108,863.9400634765625,582.256591796875,903.0579833984375,673.232177734375,0.4593837261199951,1,IM_07166.JPG
1108,859.4970703125,551.060546875,904.1795654296875,669.0045166015625,0.26150161027908325,1,IM_07166.JPG
1109,1416.2838134765625,679.6429443359375,1588.163330078125,889.8531494140625,0.8232938647270203,1,IM_07181.JPG
1110,997.0559692382812,633.770263671875,1135.53271484375,816.479248046875,0.8103930950164795,1,IM_07187.JPG
1110,783.5048828125,585.060546875,841.2860107421875,681.5213623046875,0.5268420577049255,1,IM_07187.JPG
1111,1635.77197265625,785.006103515625,1911.447509765625,1023.0384521484375,0.6229013800621033,1,IM_07192.JPG
1111,1486.10546875,677.7843627929688,1836.584716796875,988.76513671875,0.3747502863407135,1,IM_07192.JPG
1111,1514.0357666015625,681.2911376953125,1584.8316650390625,819.774169921875,0.3608800768852234,1,IM_07192.JPG
1111,1514.500244140625,679.0224609375,1585.94140625,819.5745849609375,0.3508652150630951,1,IM_07192.JPG
1111,1485.00244140625,678.607421875,1750.734130859375,1000.1783447265625,0.314123272895813,1,IM_07192.JPG
1111,1489.5123291015625,677.40966796875,1911.580810546875,1016.31005859375,0.3010677695274353,1,IM_07192.JPG
1111,1488.579833984375,679.2321166992188,1911.0244140625,1019.1522216796875,0.2987675964832306,1,IM_07192.JPG
1111,1486.585205078125,679.747314453125,1910.5316162109375,1014.5260009765625,0.28504979610443115,1,IM_07192.JPG
1111,1514.80859375,683.2215576171875,1586.0518798828125,819.6611938476562,0.2762950658798218,1,IM_07192.JPG
1111,1486.595458984375,681.5206909179688,1889.498046875,1012.408447265625,0.2720203995704651,1,IM_07192.JPG
1111,1488.7171630859375,681.214111328125,1909.90869140625,1011.837646484375,0.2703729569911957,1,IM_07192.JPG
1111,1487.5946044921875,678.1636962890625,1749.9942626953125,995.0826416015625,0.26111799478530884,1,IM_07192.JPG
1111,1491.8609619140625,674.0987548828125,1914.556640625,1018.54248046875,0.251911997795105,1,IM_07192.JPG
1112,1774.0927734375,633.5786743164062,1919.1822509765625,859.2982177734375,0.7091971635818481,1,IM_07200.JPG
1113,1102.9814453125,616.5728759765625,1202.024658203125,769.9594116210938,0.7534496784210205,1,IM_07201.JPG
1114,1404.731201171875,638.7472534179688,1595.8818359375,834.772705078125,0.8507047295570374,1,IM_07203.JPG
1115,1616.4619140625,651.7689208984375,1859.515380859375,868.9953002929688,0.8816726207733154,1,IM_07204.JPG
1115,1007.5021362304688,595.149658203125,1076.05322265625,699.581298828125,0.8563950657844543,1,IM_07204.JPG
1116,956.33154296875,632.4061889648438,1070.1253662109375,836.3809204101562,0.7018641233444214,1,IM_07213.JPG
1117,1211.646240234375,690.7184448242188,1445.688720703125,930.0787353515625,0.8831110000610352,1,IM_07217.JPG
1118,868.42919921875,606.5249633789062,975.900390625,730.2595825195312,0.7508758306503296,1,IM_07218.JPG
1119,949.96142578125,606.5316162109375,1030.5289306640625,711.9075317382812,0.35599657893180847,1,IM_07219.JPG
1119,951.2319946289062,605.3231201171875,1049.021728515625,720.42529296875,0.31610241532325745,1,IM_07219.JPG
1119,936.9781494140625,593.6566772460938,1053.32373046875,717.2305297851562,0.2796836197376251,1,IM_07219.JPG
1119,956.965576171875,605.0509033203125,1052.549560546875,724.7882080078125,0.26455703377723694,1,IM_07219.JPG
1119,944.5816040039062,595.1529541015625,1050.611083984375,722.466552734375,0.2517840564250946,1,IM_07219.JPG
1120,1357.640380859375,786.7518310546875,1719.854248046875,1023.0069580078125,0.8327032327651978,1,IM_07221.JPG
1120,1213.1641845703125,660.8219604492188,1414.41259765625,893.1604614257812,0.8012886643409729,1,IM_07221.JPG
1121,1745.418701171875,626.2117309570312,1919.005126953125,847.6444702148438,0.8038650155067444,1,IM_07250.JPG
1121,1139.3411865234375,608.1137084960938,1224.924560546875,711.4810791015625,0.7158154249191284,1,IM_07250.JPG
1122,1276.029296875,621.12548828125,1486.172119140625,780.34765625,0.6605587005615234,1,IM_07254.JPG
1122,188.22183227539062,676.902587890625,378.65447998046875,815.963134765625,0.39581498503685,1,IM_07254.JPG
1122,1226.5675048828125,655.8206176757812,1308.3109130859375,767.3303833007812,0.3788306713104248,1,IM_07254.JPG
1123,1066.11767578125,693.8367309570312,1330.369873046875,1019.625732421875,0.8500675559043884,1,IM_07255.JPG
1123,1449.546630859375,816.8186645507812,1732.42626953125,1022.5530395507812,0.50348299741745,1,IM_07255.JPG
1123,1450.06005859375,815.7174072265625,1917.5196533203125,1028.1534423828125,0.39848417043685913,1,IM_07255.JPG
1124,1432.6859130859375,622.7767333984375,1646.59716796875,904.8246459960938,0.8578364253044128,1,IM_07273.JPG
1125,1087.0943603515625,600.546630859375,1197.9222412109375,747.3001708984375,0.7816450595855713,1,IM_07274.JPG
1126,1384.9697265625,628.6448364257812,1557.44921875,817.9346923828125,0.8643744587898254,1,IM_07280.JPG
1127,1180.655029296875,600.8536376953125,1294.67822265625,745.3602294921875,0.6597175598144531,1,IM_07299.JPG
1128,1651.2015380859375,622.1436767578125,1885.7369384765625,871.828125,0.8834188580513,1,IM_07300.JPG
1128,926.5118408203125,577.2804565429688,966.8763427734375,657.0545654296875,0.5544447898864746,1,IM_07300.JPG
1129,944.2056884765625,635.282958984375,1109.453857421875,812.528076171875,0.8413246870040894,1,IM_07302.JPG
1129,1484.874755859375,728.4669189453125,1686.339111328125,1021.484375,0.8172965049743652,1,IM_07302.JPG
1130,1033.5406494140625,623.311279296875,1179.7978515625,884.9551391601562,0.8132637143135071,1,IM_07307.JPG
1131,553.742431640625,589.28564453125,662.6636962890625,693.7447509765625,0.7995508909225464,1,IM_07320.JPG
1132,1284.1004638671875,676.6502685546875,1514.964599609375,1013.5816040039062,0.885754406452179,1,IM_07370.JPG
1132,1081.5428466796875,625.0301513671875,1182.844482421875,779.509765625,0.6584953665733337,1,IM_07370.JPG
1133,1109.471435546875,633.3831176757812,1237.919921875,860.649169921875,0.8263860940933228,1,IM_07374.JPG
1133,532.1837768554688,800.8935546875,728.1890258789062,1024.151611328125,0.7636892199516296,1,IM_07374.JPG
1133,58.53007507324219,797.70849609375,283.69989013671875,1024.2659912109375,0.7411037087440491,1,IM_07374.JPG
1134,887.03271484375,614.58837890625,1002.4403076171875,818.30126953125,0.8301787972450256,1,IM_07405.JPG
1135,1296.18115234375,632.2578125,1447.350830078125,779.0081787109375,0.7575441598892212,1,IM_07408.JPG
1135,1439.853515625,661.2922973632812,1590.24755859375,855.760986328125,0.4198191463947296,1,IM_07408.JPG
1135,1438.759521484375,665.4306030273438,1592.806396484375,858.697265625,0.3972371518611908,1,IM_07408.JPG
1135,1439.67333984375,652.4314575195312,1588.07080078125,856.6461181640625,0.3700595498085022,1,IM_07408.JPG
1135,1438.2879638671875,631.1456298828125,1595.879150390625,860.8555297851562,0.3471181392669678,1,IM_07408.JPG
1135,1437.37255859375,661.3836059570312,1589.775146484375,863.2880859375,0.28365659713745117,1,IM_07408.JPG
1135,1439.580322265625,661.793212890625,1603.8896484375,857.4732055664062,0.252611368894577,1,IM_07408.JPG
1136,1055.289306640625,583.97998046875,1144.746337890625,697.6666870117188,0.8225187659263611,1,IM_07428.JPG
1137,969.6910400390625,687.6211547851562,1168.987060546875,958.2081298828125,0.8672440648078918,1,IM_07441.JPG
1137,815.4578857421875,624.770751953125,880.0408935546875,772.0267333984375,0.7215941548347473,1,IM_07441.JPG
1138,1295.2650146484375,640.2666015625,1430.7381591796875,792.4161376953125,0.8140340447425842,1,IM_07481.JPG
1139,885.5608520507812,591.2279052734375,929.7910766601562,659.0372314453125,0.3901427090167999,1,IM_07482.JPG
1140,1011.539306640625,610.436767578125,1111.1768798828125,726.3495483398438,0.7785620093345642,1,IM_07493.JPG
1140,900.4887084960938,591.8004150390625,951.4052124023438,678.0185546875,0.6658933758735657,1,IM_07493.JPG
1141,948.7236328125,601.9202880859375,1001.62060546875,710.3472900390625,0.47626182436943054,1,IM_07499.JPG
1142,1662.56884765625,686.3455810546875,1863.14990234375,838.417236328125,0.8498913049697876,1,IM_07517.JPG
1142,696.622802734375,617.9837036132812,767.510986328125,747.8814697265625,0.5576612949371338,1,IM_07517.JPG
1143,1581.15625,674.0404052734375,1829.656982421875,861.654296875,0.8389694690704346,1,IM_07518.JPG
1143,955.892578125,708.2836303710938,1130.49169921875,950.8668823242188,0.8045281767845154,1,IM_07518.JPG
1143,822.0210571289062,639.6795654296875,969.5359497070312,771.639892578125,0.6478409171104431,1,IM_07518.JPG
1144,1551.066650390625,829.8973388671875,1919.067626953125,1024.669921875,0.7911762595176697,1,IM_07545.JPG
1144,1011.3350830078125,646.5203857421875,1108.8037109375,836.8507690429688,0.6661233901977539,1,IM_07545.JPG
1145,1478.2646484375,634.0560302734375,1694.533447265625,846.3923950195312,0.9040406942367554,1,IM_07605.JPG
1146,1039.776123046875,610.2904663085938,1133.8165283203125,725.6470947265625,0.8371027708053589,1,IM_07606.JPG
1147,1447.89892578125,638.6992797851562,1677.8851318359375,857.40966796875,0.8944306969642639,1,IM_07622.JPG
1148,933.4669189453125,626.1962890625,1106.8590087890625,930.4400634765625,0.7515238523483276,1,IM_07631.JPG
1149,759.1351318359375,650.986572265625,886.9625244140625,792.0518798828125,0.7456080317497253,1,IM_07638.JPG
1150,907.1700439453125,632.1468505859375,1001.96044921875,804.833984375,0.5781769752502441,1,IM_07655.JPG
1150,265.72528076171875,524.578125,324.6297607421875,615.3321533203125,0.2676047384738922,1,IM_07655.JPG
1151,816.5986328125,590.052490234375,862.435302734375,691.9747314453125,0.6663135886192322,1,IM_07659.JPG
1151,935.4779663085938,581.55322265625,981.9563598632812,631.7850952148438,0.35225051641464233,1,IM_07659.JPG
1152,1257.18310546875,653.2638549804688,1481.32177734375,915.4288330078125,0.8863441944122314,1,IM_07660.JPG
1153,1094.7374267578125,691.8270874023438,1307.4825439453125,987.812255859375,0.8251125812530518,1,IM_07661.JPG
1154,1645.5933837890625,633.1728515625,1876.7545166015625,826.6151123046875,0.8829310536384583,1,IM_07697.JPG
1155,1436.9677734375,620.9002685546875,1611.859375,796.1058349609375,0.9001930952072144,1,IM_07698.JPG
1155,1251.11181640625,624.3294067382812,1395.471435546875,840.0888061523438,0.391954243183136,1,IM_07698.JPG
1156,1102.1224365234375,609.907470703125,1223.185546875,735.3787841796875,0.750308096408844,1,IM_07721.JPG
1156,880.3829956054688,593.955078125,947.0209350585938,666.2086181640625,0.42125603556632996,1,IM_07721.JPG
1157,1132.008056640625,638.287353515625,1266.25732421875,791.9892578125,0.6106738448143005,1,IM_07722.JPG
1158,893.3697509765625,634.0140380859375,980.6070556640625,807.0440673828125,0.7312717437744141,1,IM_07733.JPG
1158,720.697265625,588.618408203125,760.9887084960938,677.9976806640625,0.6225361824035645,1,IM_07733.JPG
1159,856.8063354492188,622.9209594726562,928.2434692382812,800.96533203125,0.7713029384613037,1,IM_07734.JPG
1159,1694.055908203125,816.3470458984375,1918.8980712890625,1023.442138671875,0.6623806953430176,1,IM_07734.JPG
1160,769.139892578125,604.439697265625,891.0411376953125,782.0491943359375,0.7671880722045898,1,IM_07753.JPG
1160,1027.8560791015625,637.8759765625,1135.2545166015625,759.7379150390625,0.6566623449325562,1,IM_07753.JPG
1160,626.075927734375,608.7459716796875,674.245361328125,717.3778076171875,0.5408369302749634,1,IM_07753.JPG
1160,1070.630615234375,639.7018432617188,1136.95068359375,763.0405883789062,0.26769131422042847,1,IM_07753.JPG
1160,1027.1943359375,661.6297607421875,1088.974853515625,744.23681640625,0.2517138123512268,1,IM_07753.JPG
1161,992.7533569335938,663.8048095703125,1235.31787109375,988.3727416992188,0.8937267065048218,1,IM_07754.JPG
1161,824.1639404296875,641.35888671875,971.0062866210938,821.2128295898438,0.7907989621162415,1,IM_07754.JPG
1162,1119.2860107421875,616.497314453125,1245.5877685546875,783.4234619140625,0.7890669107437134,1,IM_07755.JPG
1164,734.39013671875,649.7921142578125,885.6461181640625,890.090087890625,0.7553341388702393,1,IM_07779.JPG
1165,1221.5059814453125,708.8771362304688,1500.625,983.3646240234375,0.8772414326667786,1,IM_07780.JPG
1166,1352.1859130859375,619.43310546875,1517.1112060546875,810.1910400390625,0.8050347566604614,1,IM_07783.JPG
1167,863.244140625,619.4489135742188,948.410888671875,810.0100708007812,0.7866702079772949,1,IM_07822.JPG
1168,1164.781494140625,615.6351318359375,1250.1485595703125,733.3690185546875,0.8394030332565308,1,IM_07827.JPG
1169,917.3230590820312,593.654541015625,965.630859375,656.4169921875,0.5299915671348572,1,IM_07828.JPG
1170,1381.25439453125,650.709228515625,1626.220947265625,1013.8317260742188,0.8864741325378418,1,IM_07829.JPG
1171,952.8176879882812,638.4818115234375,1055.07470703125,820.1964111328125,0.7639224529266357,1,IM_07907.JPG
1172,881.4906005859375,620.5918579101562,979.6417236328125,774.8560180664062,0.744239091873169,1,IM_07956.JPG
1173,1073.89501953125,586.163818359375,1146.384033203125,680.7550048828125,0.6438658833503723,1,IM_07974.JPG
1175,496.7918701171875,601.7155151367188,568.939453125,705.3425903320312,0.5347143411636353,1,IM_08023.JPG
1176,1150.2913818359375,760.1771850585938,1383.32568359375,1021.9074096679688,0.481161504983902,1,IM_08025.JPG
1176,387.03515625,635.1171875,497.96136474609375,712.1714477539062,0.32902106642723083,1,IM_08025.JPG
1177,897.06884765625,647.3902587890625,995.6262817382812,823.302978515625,0.498946875333786,1,IM_08026.JPG
1177,898.4932250976562,664.7786865234375,974.8932495117188,819.8499755859375,0.3316786587238312,1,IM_08026.JPG
1178,393.56903076171875,592.870361328125,516.0014038085938,690.83984375,0.834855318069458,1,IM_08028.JPG
1178,704.016357421875,602.8980102539062,764.3820190429688,669.0889892578125,0.5869039297103882,1,IM_08028.JPG
1179,1723.17041015625,678.6666870117188,1919.013427734375,980.4832763671875,0.7203183174133301,1,IM_08036.JPG
1180,1090.10595703125,654.0042724609375,1220.725341796875,776.8084716796875,0.6278941631317139,1,IM_08037.JPG
1180,939.7142333984375,593.283203125,988.6312255859375,664.592041015625,0.3169947862625122,1,IM_08037.JPG
1181,1606.3187255859375,765.6346435546875,1919.31884765625,1021.48095703125,0.8559994697570801,1,IM_08047.JPG
1181,930.7169189453125,594.832275390625,991.4375,709.3510131835938,0.7513608932495117,1,IM_08047.JPG
1181,846.6427001953125,606.4180908203125,899.6438598632812,723.3689575195312,0.7199365496635437,1,IM_08047.JPG
1181,1135.81689453125,643.41650390625,1292.903076171875,871.4829711914062,0.6175597310066223,1,IM_08047.JPG
1181,837.10009765625,606.67236328125,892.0029296875,714.4949340820312,0.37530213594436646,1,IM_08047.JPG
1181,998.4666137695312,618.678466796875,1294.5068359375,878.916748046875,0.2850136458873749,1,IM_08047.JPG
1182,1205.6846923828125,693.8216552734375,1434.7027587890625,960.136474609375,0.8530431389808655,1,IM_08048.JPG
1182,1389.5714111328125,667.2053833007812,1521.3939208984375,897.1869506835938,0.7219595909118652,1,IM_08048.JPG
1183,948.6040649414062,649.4181518554688,1114.4937744140625,877.8634643554688,0.7714941501617432,1,IM_08057.JPG
1184,1683.756591796875,663.780029296875,1919.5535888671875,990.52294921875,0.9027243256568909,1,IM_08059.JPG
1185,1344.894287109375,648.44287109375,1548.117919921875,844.8048706054688,0.8960921168327332,1,IM_08064.JPG
1186,1548.19091796875,622.18212890625,1905.023681640625,896.2417602539062,0.8862158060073853,1,IM_08067.JPG
1187,1153.748046875,646.432861328125,1299.720703125,898.5848388671875,0.7281705141067505,1,IM_08124.JPG
1188,1428.234619140625,640.6860961914062,1611.7584228515625,882.968994140625,0.8146457672119141,1,IM_08136.JPG
1189,668.8629150390625,658.7176513671875,889.8869018554688,912.43701171875,0.5551587343215942,1,IM_08157.JPG
1190,1229.08837890625,773.3263549804688,1541.83740234375,1021.9337768554688,0.8549581170082092,1,IM_08159.JPG
1191,911.009033203125,656.77734375,994.998046875,852.5615844726562,0.5970447659492493,1,IM_08160.JPG
1191,0.3134193420410156,660.0279541015625,59.519325256347656,896.9188232421875,0.26593148708343506,1,IM_08160.JPG
1191,876.9195556640625,644.5719604492188,1004.5931396484375,856.1099853515625,0.25195762515068054,1,IM_08160.JPG
1192,1086.21142578125,676.0061645507812,1216.0037841796875,914.6121826171875,0.7919177412986755,1,IM_08210.JPG
1192,1219.24755859375,681.273193359375,1314.24658203125,767.5411376953125,0.4268700182437897,1,IM_08210.JPG
1192,2.5165328979492188,666.2514038085938,59.898136138916016,891.6705322265625,0.2622963488101959,1,IM_08210.JPG
1193,1209.73828125,654.713623046875,1496.5733642578125,991.8192138671875,0.8440137505531311,1,IM_08211.JPG
1193,220.55209350585938,747.8936767578125,503.5141296386719,961.6566162109375,0.7912948727607727,1,IM_08211.JPG
1193,0.6589393615722656,666.9531860351562,59.665504455566406,891.856201171875,0.6391710042953491,1,IM_08211.JPG
1194,1310.6011962890625,634.7307739257812,1537.4263916015625,901.1044921875,0.9103118181228638,1,IM_08229.JPG
1194,1.663473129272461,666.8360595703125,59.08845520019531,890.1851806640625,0.38773220777511597,1,IM_08229.JPG
1195,886.93896484375,635.1091918945312,944.80322265625,764.5206298828125,0.6868599057197571,1,IM_08241.JPG
1195,761.4949951171875,614.1380615234375,803.1509399414062,695.9072265625,0.6149196028709412,1,IM_08241.JPG
1195,1788.1116943359375,650.7427978515625,1919.1441650390625,940.469482421875,0.3966657519340515,1,IM_08241.JPG
1195,1784.101318359375,664.4952392578125,1919.425048828125,931.7363891601562,0.3896334171295166,1,IM_08241.JPG
1195,1785.3431396484375,659.8723754882812,1918.845703125,931.7583618164062,0.34869104623794556,1,IM_08241.JPG
1195,1785.6258544921875,666.319091796875,1919.2584228515625,933.2056884765625,0.33477482199668884,1,IM_08241.JPG
1195,1786.0447998046875,659.0994262695312,1918.9178466796875,935.09326171875,0.32235097885131836,1,IM_08241.JPG
1195,1785.715576171875,656.5532836914062,1919.4609375,929.9600830078125,0.3146032392978668,1,IM_08241.JPG
1195,1786.515380859375,657.3526611328125,1919.485107421875,936.4013671875,0.30273640155792236,1,IM_08241.JPG
1195,1782.6507568359375,663.888671875,1918.842041015625,929.0726318359375,0.2912083864212036,1,IM_08241.JPG
1195,1.8734550476074219,665.2345581054688,59.260826110839844,890.2261962890625,0.26954901218414307,1,IM_08241.JPG
1196,1088.430908203125,659.8822021484375,1288.18505859375,914.3981323242188,0.8633012771606445,1,IM_08242.JPG
1196,906.0245361328125,619.3262329101562,994.24658203125,786.6575317382812,0.8175497055053711,1,IM_08242.JPG
1196,1473.4337158203125,667.091064453125,1631.12255859375,898.3749389648438,0.5830809473991394,1,IM_08242.JPG
1196,1878.7177734375,768.0948486328125,1919.29248046875,868.25830078125,0.2594538629055023,1,IM_08242.JPG
1197,1234.99072265625,640.2567138671875,1465.194580078125,942.00341796875,0.8798022866249084,1,IM_08249.JPG
1197,1868.9619140625,751.7764892578125,1919.115234375,872.64990234375,0.4838237166404724,1,IM_08249.JPG
1198,1267.241455078125,613.7767333984375,1419.7957763671875,812.2171630859375,0.7992541790008545,1,IM_08260.JPG
1198,1860.302490234375,709.072998046875,1919.0086669921875,871.9652709960938,0.35162344574928284,1,IM_08260.JPG
1199,1233.89208984375,636.9087524414062,1399.9149169921875,858.7029418945312,0.8396550416946411,1,IM_08277.JPG
1199,1.25189208984375,665.605712890625,59.323001861572266,889.8927612304688,0.4853399991989136,1,IM_08277.JPG
1199,1862.2547607421875,709.3409423828125,1919.0328369140625,871.876953125,0.3741832971572876,1,IM_08277.JPG
1199,1860.540771484375,709.5584716796875,1919.09130859375,871.5082397460938,0.32359400391578674,1,IM_08277.JPG
1200,1414.12744140625,622.2515869140625,1598.703857421875,845.038818359375,0.8484275937080383,1,IM_08281.JPG
1200,0.6039390563964844,664.821533203125,58.31718063354492,892.2361450195312,0.61993408203125,1,IM_08281.JPG
1200,1861.8372802734375,708.4561157226562,1919.0595703125,869.3955688476562,0.500084638595581,1,IM_08281.JPG
1201,1055.474609375,599.4680786132812,1126.70556640625,705.4837646484375,0.8775313496589661,1,IM_08282.JPG
1201,1.101797103881836,664.0595703125,58.46293640136719,892.51708984375,0.5010981559753418,1,IM_08282.JPG
1201,1861.9024658203125,708.4940795898438,1918.9962158203125,871.9530029296875,0.4055652916431427,1,IM_08282.JPG
1202,904.1889038085938,647.4466552734375,1115.647216796875,905.4292602539062,0.8987969160079956,1,IM_08295.JPG
1202,0.7615756988525391,665.19677734375,59.225955963134766,893.9957885742188,0.6278663277626038,1,IM_08295.JPG
1202,1862.236083984375,707.3355102539062,1919.0225830078125,871.8143920898438,0.26783937215805054,1,IM_08295.JPG
1203,405.47076416015625,599.4061279296875,508.3221130371094,737.4171142578125,0.7336121797561646,1,IM_08296.JPG
1203,0.8385543823242188,664.1226806640625,59.21304702758789,894.9435424804688,0.6120898127555847,1,IM_08296.JPG
1203,1861.687744140625,705.9522705078125,1918.98876953125,873.08447265625,0.2751483619213104,1,IM_08296.JPG
1204,795.8325805664062,638.3867797851562,948.7274780273438,910.447265625,0.7877960205078125,1,IM_08303.JPG
1204,1862.8194580078125,708.6429443359375,1919.4986572265625,869.8375244140625,0.48023849725723267,1,IM_08303.JPG
1204,0.0,730.3778076171875,34.13706970214844,872.7713623046875,0.26652559638023376,1,IM_08303.JPG
1204,0.0,731.387451171875,33.4925422668457,874.021484375,0.25667402148246765,1,IM_08303.JPG
1205,1165.33056640625,704.593994140625,1484.983642578125,981.534912109375,0.7520838379859924,1,IM_08317.JPG
1205,0.5816516876220703,663.66259765625,58.817745208740234,894.612060546875,0.5142759680747986,1,IM_08317.JPG
1205,1862.9227294921875,706.4412841796875,1919.5345458984375,870.8912353515625,0.46888893842697144,1,IM_08317.JPG
1205,1158.8111572265625,593.2911987304688,1485.100341796875,984.07470703125,0.3804158568382263,1,IM_08317.JPG
1205,1862.2869873046875,705.3650512695312,1919.0592041015625,871.6805419921875,0.3583756387233734,1,IM_08317.JPG
1205,1860.8638916015625,705.4183349609375,1919.0870361328125,871.6265258789062,0.2899244427680969,1,IM_08317.JPG
1206,1071.662841796875,662.150634765625,1297.31396484375,966.4249877929688,0.887588620185852,1,IM_08340.JPG
1206,1862.0870361328125,708.648681640625,1919.0203857421875,873.3568725585938,0.3796970844268799,1,IM_08340.JPG
1207,1473.4693603515625,726.7174682617188,1914.511962890625,1021.0828857421875,0.9034576416015625,1,IM_08347.JPG
1207,1859.414794921875,708.5267333984375,1918.986328125,868.0615234375,0.5635578632354736,1,IM_08347.JPG
