img,frame_global,x1,y1,x2,y2,score,cls,space_label
IM_00038.JPG,6,664.8711547851562,654.9921264648438,780.1246948242188,821.1361083984375,0.6250718235969543,1,roadway
IM_00047.JPG,11,1028.337890625,645.6053466796875,1109.8348388671875,828.4735107421875,0.6216135621070862,1,roadway
IM_00058.JPG,16,1105.6519775390625,607.0345458984375,1256.9703369140625,774.732421875,0.4785885512828827,1,roadway
IM_00061.JPG,19,1589.502685546875,710.1771850585938,1798.486083984375,1002.9744873046875,0.28146442770957947,1,roadway
IM_00062.JPG,20,1376.716796875,685.1654663085938,1561.387939453125,929.6834106445312,0.3636813163757324,1,roadway
IM_00151.JPG,45,742.4034423828125,723.7459716796875,976.5438232421875,910.2718505859375,0.8712804317474365,1,roadway
IM_00151.JPG,45,1159.836181640625,546.9768676757812,1310.527587890625,688.3562622070312,0.27118420600891113,1,bike_lane
IM_00152.JPG,46,1046.087158203125,742.611328125,1300.592529296875,930.0465087890625,0.7857073545455933,1,roadway
IM_00155.JPG,47,1209.9525146484375,663.242431640625,1406.0390625,890.9558715820312,0.9028628468513489,1,roadway
IM_00157.JPG,48,1006.0338134765625,608.4548950195312,1075.2220458984375,724.704345703125,0.3297762870788574,1,roadway
IM_00161.JPG,51,1282.814697265625,630.2653198242188,1436.534423828125,793.530029296875,0.8427709341049194,1,roadway
IM_00162.JPG,52,978.2114868164062,616.1907348632812,1033.7047119140625,701.6990966796875,0.5219466090202332,1,roadway
IM_00205.JPG,55,1307.803466796875,693.2432861328125,1518.175537109375,944.1685180664062,0.8627512454986572,1,roadway
IM_00225.JPG,58,1152.612060546875,620.5980834960938,1292.591552734375,802.9998779296875,0.7349916100502014,1,roadway
IM_00226.JPG,59,1707.65625,714.561279296875,1919.694580078125,981.687255859375,0.6828497052192688,1,roadway
IM_00357.JPG,80,946.7552490234375,625.238037109375,1029.8543701171875,791.3673706054688,0.701482892036438,1,roadway
IM_00368.JPG,84,925.8929443359375,584.2201538085938,973.2857666015625,656.1820678710938,0.3902775049209595,1,roadway
IM_00393.JPG,87,1568.5447998046875,633.8939208984375,1765.9222412109375,811.0486450195312,0.903121829032898,1,bike_lane
IM_00393.JPG,87,1153.2861328125,672.1364135742188,1226.567626953125,765.1575927734375,0.6774731874465942,1,roadway
IM_00394.JPG,88,1736.236083984375,661.29248046875,1919.3280029296875,893.0897216796875,0.9102676510810852,1,bike_lane
IM_00394.JPG,88,1283.3946533203125,622.0213623046875,1415.2646484375,740.222900390625,0.7615804076194763,1,bike_lane
IM_00413.JPG,89,1654.4300537109375,718.3218994140625,1792.9793701171875,893.2637939453125,0.6087176203727722,1,bike_lane
IM_00414.JPG,90,1547.57275390625,718.6103515625,1654.440185546875,848.9971923828125,0.6122115850448608,1,bike_lane
IM_00415.JPG,91,1063.3443603515625,635.2877197265625,1152.702392578125,712.0090942382812,0.35487160086631775,1,roadway
IM_00417.JPG,93,847.4678955078125,626.19384765625,895.3111572265625,706.2357177734375,0.42899760603904724,1,roadway
IM_00417.JPG,93,845.71875,600.1746215820312,900.425537109375,703.3148193359375,0.2504928708076477,1,roadway
IM_00418.JPG,94,830.18408203125,623.6885375976562,878.2384643554688,714.674072265625,0.2659355700016022,1,roadway
IM_00419.JPG,95,1379.406494140625,790.1687622070312,1599.528564453125,1023.4553833007812,0.730404257774353,1,roadway
IM_00434.JPG,100,1465.748046875,644.90087890625,1660.585205078125,840.37890625,0.29799196124076843,1,bike_lane
IM_00442.JPG,107,562.4537353515625,620.9390869140625,697.4269409179688,724.306640625,0.31809839606285095,1,roadway
IM_00479.JPG,113,924.328125,599.0341186523438,1005.23291015625,728.1245727539062,0.6952950358390808,1,roadway
IM_00480.JPG,114,1683.053955078125,690.581298828125,1919.683837890625,967.5350341796875,0.7269201874732971,1,roadway
IM_00483.JPG,115,893.5103759765625,608.4373168945312,1005.0399169921875,789.8457641601562,0.5600118041038513,1,roadway
IM_00501.JPG,125,1527.3856201171875,637.6668090820312,1772.236083984375,894.5452880859375,0.8317487835884094,1,roadway
IM_00517.JPG,126,1413.541748046875,657.06494140625,1616.582275390625,838.425048828125,0.7974990606307983,1,bike_lane
IM_00517.JPG,126,1215.24951171875,663.2420654296875,1284.3590087890625,746.5052490234375,0.7845891118049622,1,bike_lane
IM_00517.JPG,126,1022.9110107421875,615.406494140625,1083.3515625,682.0267333984375,0.3774416148662567,1,bike_lane
IM_00518.JPG,127,1513.523193359375,725.58935546875,1813.057373046875,1000.3628540039062,0.827472448348999,1,roadway
IM_00518.JPG,127,1103.968994140625,613.7642822265625,1206.40087890625,729.1837158203125,0.5982067584991455,1,roadway
IM_00518.JPG,127,1010.0407104492188,613.9490966796875,1056.373046875,689.8141479492188,0.4774116575717926,1,roadway
IM_00521.JPG,130,1057.709228515625,623.91064453125,1148.6766357421875,745.4104614257812,0.7579319477081299,1,roadway
IM_00521.JPG,130,1225.6739501953125,598.8941650390625,1331.1551513671875,733.6131591796875,0.4908309876918793,1,bike_lane
IM_00525.JPG,134,519.831298828125,610.5285034179688,604.6920776367188,661.9760131835938,0.3168110251426697,1,roadway
IM_00549.JPG,153,1255.951171875,710.2969970703125,1572.15087890625,1002.6849975585938,0.895411491394043,1,roadway
IM_00549.JPG,153,1205.111328125,612.9771728515625,1343.149169921875,786.6185302734375,0.8034275770187378,1,roadway
IM_00549.JPG,153,1098.8427734375,611.39404296875,1193.67431640625,705.0753173828125,0.5635930299758911,1,bike_lane
IM_00549.JPG,153,1137.052734375,615.380126953125,1196.6641845703125,710.4984741210938,0.29024770855903625,1,bike_lane
IM_00550.JPG,154,1241.580810546875,599.7066650390625,1391.0955810546875,752.4212036132812,0.8123129606246948,1,bike_lane
IM_00550.JPG,154,1875.7503662109375,737.5228271484375,1919.5389404296875,902.00390625,0.44633162021636963,1,bike_lane
IM_00555.JPG,157,518.95849609375,610.2496337890625,604.0105590820312,662.404296875,0.3128741681575775,1,roadway
IM_00556.JPG,158,518.7845458984375,610.9798583984375,605.08349609375,662.4072265625,0.37238484621047974,1,roadway
IM_00556.JPG,158,565.2748413085938,618.4187622070312,605.1749877929688,660.1505126953125,0.2545815408229828,1,roadway
IM_00558.JPG,160,767.9991455078125,597.2198486328125,812.5841064453125,688.3167724609375,0.334682434797287,1,roadway
IM_00585.JPG,163,837.2268676757812,653.212890625,932.1154174804688,773.137451171875,0.6228205561637878,1,roadway
IM_00585.JPG,163,769.16748046875,616.9132080078125,811.2447509765625,733.5093994140625,0.320477694272995,1,roadway
IM_00586.JPG,164,792.1334838867188,638.482666015625,864.7311401367188,756.337890625,0.4053114652633667,1,roadway
IM_00587.JPG,165,1372.4111328125,651.4560546875,1483.169189453125,765.707275390625,0.7750353217124939,1,bike_lane
IM_00587.JPG,165,1004.9337158203125,580.39990234375,1068.02783203125,679.6715087890625,0.5106075406074524,1,bike_lane
IM_00588.JPG,166,1167.483642578125,622.1688232421875,1286.488525390625,737.03955078125,0.6778423190116882,1,bike_lane
IM_00588.JPG,166,1827.6507568359375,713.2186279296875,1919.1177978515625,853.622802734375,0.29336634278297424,1,bike_lane
IM_00589.JPG,167,1697.2705078125,664.615478515625,1916.359130859375,871.574951171875,0.9137423634529114,1,bike_lane
IM_00591.JPG,168,982.9619140625,586.83837890625,1049.990234375,693.6331787109375,0.6843200325965881,1,roadway
IM_00592.JPG,169,1350.81396484375,642.5901489257812,1513.677001953125,840.6480102539062,0.8637517094612122,1,roadway
IM_00623.JPG,172,1454.385986328125,653.5589599609375,1663.1605224609375,850.8302001953125,0.8457704782485962,1,bike_lane
IM_00624.JPG,173,1122.70947265625,631.0087280273438,1223.8961181640625,744.949951171875,0.8059654235839844,1,roadway
IM_00629.JPG,176,736.68212890625,678.7153930664062,801.9937744140625,795.0060424804688,0.3251717984676361,1,roadway
IM_00630.JPG,177,1014.42919921875,786.09375,1140.23046875,1022.7110595703125,0.6990879774093628,1,roadway
IM_00630.JPG,177,836.0040893554688,715.505615234375,933.0206909179688,924.9344482421875,0.6634473204612732,1,roadway
IM_00630.JPG,177,712.28125,649.488037109375,771.806884765625,798.0887451171875,0.5025841593742371,1,roadway
IM_00630.JPG,177,516.5992431640625,609.9107666015625,604.4814453125,662.8765869140625,0.26026514172554016,1,roadway
IM_00657.JPG,178,1070.38671875,614.7811279296875,1176.472900390625,777.31689453125,0.808608889579773,1,roadway
IM_00657.JPG,178,516.483154296875,610.697998046875,607.7001342773438,662.8078002929688,0.4275323152542114,1,roadway
IM_00657.JPG,178,575.4637451171875,621.6258544921875,607.40869140625,659.9562377929688,0.3216545283794403,1,roadway
IM_00658.JPG,179,1488.4669189453125,693.0135498046875,1752.1025390625,967.557861328125,0.8853616714477539,1,roadway
IM_00658.JPG,179,518.8426513671875,610.070068359375,607.4127197265625,662.3604125976562,0.4516642391681671,1,roadway
IM_00658.JPG,179,575.7330322265625,621.20263671875,606.2486572265625,659.4508056640625,0.3012602627277374,1,roadway
IM_00667.JPG,180,1218.504150390625,610.34521484375,1323.8624267578125,753.906982421875,0.7152844071388245,1,bike_lane
IM_00695.JPG,182,1078.783447265625,599.391845703125,1175.8927001953125,715.4605712890625,0.8180783987045288,1,roadway
IM_00696.JPG,183,1130.3516845703125,628.0548095703125,1243.010498046875,748.5255126953125,0.7837547063827515,1,roadway
IM_00700.JPG,187,519.6055297851562,605.1669921875,603.2020263671875,662.77197265625,0.286563515663147,1,roadway
IM_00703.JPG,188,1216.978515625,642.2325439453125,1383.05908203125,852.744873046875,0.8425586223602295,1,roadway
IM_00707.JPG,192,866.8892822265625,701.5289306640625,1116.02392578125,1018.3424072265625,0.8324023485183716,1,roadway
IM_00707.JPG,192,1250.205078125,632.760498046875,1365.4012451171875,733.6273193359375,0.7360203266143799,1,bike_lane
IM_00707.JPG,192,1072.1468505859375,618.7958984375,1173.6365966796875,745.6737060546875,0.6906854510307312,1,roadway
IM_00708.JPG,193,831.136474609375,583.67138671875,891.9996337890625,675.4801025390625,0.7716969847679138,1,roadway
IM_00708.JPG,193,1002.0133056640625,594.3469848632812,1079.329345703125,676.6049194335938,0.7627264261245728,1,bike_lane
IM_00719.JPG,194,515.1198120117188,610.8572998046875,607.2456665039062,663.341064453125,0.2822655439376831,1,roadway
IM_00719.JPG,194,518.3819580078125,609.2762451171875,607.5715942382812,663.143798828125,0.27448731660842896,1,roadway
IM_00720.JPG,195,520.1209716796875,597.4865112304688,607.5910034179688,662.9240112304688,0.3840443193912506,1,roadway
IM_00727.JPG,198,819.101318359375,591.4810791015625,868.7642822265625,700.1951904296875,0.3571704626083374,1,roadway
IM_00728.JPG,199,1026.8193359375,597.7734375,1160.787109375,791.75830078125,0.8170819878578186,1,roadway
IM_00728.JPG,199,1251.211181640625,609.19287109375,1382.720458984375,768.698974609375,0.7240442633628845,1,bike_lane
IM_00745.JPG,208,516.7084350585938,601.4928588867188,608.2576904296875,662.57568359375,0.3550056219100952,1,roadway
IM_00747.JPG,210,1069.21630859375,638.9078979492188,1212.1910400390625,832.6115112304688,0.5653943419456482,1,roadway
IM_00748.JPG,211,924.86865234375,584.7951049804688,999.1585693359375,697.9213256835938,0.6768827438354492,1,roadway
IM_00748.JPG,211,1790.3646240234375,761.6483154296875,1919.13720703125,985.50390625,0.5683000087738037,1,bike_lane
IM_00748.JPG,211,525.3230590820312,607.402099609375,607.2431640625,661.81982421875,0.2595498859882355,1,roadway
IM_00758.JPG,213,527.361328125,604.5148315429688,608.9659423828125,660.867919921875,0.28106051683425903,1,roadway
IM_00845.JPG,217,1425.025390625,658.5223999023438,1611.376953125,835.6973876953125,0.3300415277481079,1,bike_lane
IM_00867.JPG,218,930.6868286132812,659.987060546875,1002.879638671875,791.0388793945312,0.5467565655708313,1,roadway
IM_00868.JPG,219,1139.4134521484375,741.82666015625,1245.130859375,944.79150390625,0.7025938630104065,1,roadway
IM_00868.JPG,219,1131.64599609375,711.1531982421875,1262.5931396484375,942.8593139648438,0.3764999806880951,1,roadway
IM_00963.JPG,225,829.0317993164062,619.449462890625,958.7158813476562,769.6089477539062,0.7096306681632996,1,roadway
IM_00968.JPG,230,853.0892333984375,521.1419067382812,898.111572265625,628.7242431640625,0.2664918601512909,1,roadway
IM_00990.JPG,231,569.258056640625,594.700927734375,710.4017944335938,721.0714111328125,0.6832669973373413,1,roadway
IM_01019.JPG,234,1311.583251953125,683.3084716796875,1421.0523681640625,935.028564453125,0.7051798701286316,1,roadway
IM_01205.JPG,246,818.5968017578125,620.7386474609375,880.76513671875,745.50341796875,0.5304015874862671,1,roadway
IM_01206.JPG,247,947.5792236328125,668.2058715820312,1068.191162109375,872.6953125,0.5957238674163818,1,roadway
IM_01283.JPG,254,1435.84375,718.94140625,1734.157958984375,967.5225830078125,0.8219714760780334,1,roadway
IM_02147.JPG,312,1267.272705078125,666.1655883789062,1428.711669921875,831.8294677734375,0.8571422100067139,1,roadway
IM_02786.JPG,345,1698.6756591796875,714.238037109375,1918.9581298828125,924.5703735351562,0.565081775188446,1,bike_lane
IM_02819.JPG,353,916.0294189453125,625.516357421875,1033.7919921875,829.0830078125,0.6018283367156982,1,roadway
IM_02820.JPG,354,1368.8046875,701.5221557617188,1742.611572265625,1026.276123046875,0.6511403918266296,1,roadway
IM_02831.JPG,355,1035.30322265625,611.5972900390625,1149.1732177734375,756.025146484375,0.732020914554596,1,roadway
IM_02891.JPG,357,1155.2398681640625,608.196044921875,1257.08349609375,726.111572265625,0.7099002003669739,1,bike_lane
IM_02892.JPG,358,932.7271728515625,585.9732666015625,983.5645751953125,663.248046875,0.5456134080886841,1,roadway
IM_02893.JPG,359,989.582275390625,601.550048828125,1082.385009765625,763.599853515625,0.579858660697937,1,roadway
IM_02899.JPG,361,1211.75634765625,606.623779296875,1317.272216796875,762.1888427734375,0.6058109402656555,1,bike_lane
IM_02900.JPG,362,1766.8018798828125,683.1847534179688,1919.5909423828125,883.62158203125,0.6399602293968201,1,bike_lane
IM_02927.JPG,363,1305.37451171875,618.609375,1483.521728515625,828.0408325195312,0.7230694890022278,1,roadway
IM_02951.JPG,364,1037.8641357421875,607.1874389648438,1089.425048828125,685.6270751953125,0.4038026034832001,1,bike_lane
IM_02957.JPG,368,890.6414794921875,599.53662109375,946.5457763671875,709.407470703125,0.4308408200740814,1,roadway
IM_02958.JPG,369,1142.670654296875,648.74365234375,1290.1134033203125,846.55419921875,0.7942488193511963,1,roadway
IM_03075.JPG,375,945.21826171875,587.0958251953125,1002.9495849609375,700.4351806640625,0.4646216332912445,1,roadway
IM_03119.JPG,376,967.1046752929688,619.232177734375,1042.09228515625,751.734619140625,0.5171441435813904,1,roadway
IM_03119.JPG,376,1055.9620361328125,623.2139282226562,1127.7877197265625,713.7918090820312,0.37981298565864563,1,roadway
IM_03119.JPG,376,990.5835571289062,638.8187255859375,1042.1904296875,752.67431640625,0.35802245140075684,1,roadway
IM_03159.JPG,378,1532.6964111328125,643.6104736328125,1739.864501953125,855.4813842773438,0.8743233680725098,1,bike_lane
IM_03218.JPG,382,824.0352783203125,625.9304809570312,890.6533203125,685.4053955078125,0.4813295900821686,1,roadway
IM_03218.JPG,382,823.2930908203125,608.2284545898438,897.2559814453125,687.4025268554688,0.45822250843048096,1,roadway
IM_03237.JPG,385,1298.4862060546875,621.5923461914062,1461.497314453125,819.6448974609375,0.6989887952804565,1,roadway
IM_03335.JPG,393,1375.656494140625,602.92431640625,1524.78857421875,770.330322265625,0.6993831396102905,1,bike_lane
IM_03342.JPG,400,920.4775390625,604.397705078125,1171.6368408203125,782.588134765625,0.8579603433609009,1,roadway
IM_03345.JPG,403,1342.0859375,630.9478759765625,1420.431640625,728.580078125,0.35611289739608765,1,bike_lane
IM_03347.JPG,405,1352.9051513671875,608.1084594726562,1421.0665283203125,727.735107421875,0.2746603786945343,1,bike_lane
IM_03347.JPG,405,1347.2225341796875,605.2796630859375,1420.4259033203125,727.4038696289062,0.2578083276748657,1,bike_lane
IM_03347.JPG,405,1346.281005859375,614.5081787109375,1419.1968994140625,728.7659912109375,0.25525662302970886,1,bike_lane
IM_03348.JPG,406,1356.159423828125,605.8683471679688,1424.676025390625,727.5867919921875,0.4493432641029358,1,bike_lane
IM_03349.JPG,407,1349.938720703125,617.1040649414062,1421.4959716796875,728.7904052734375,0.5396547317504883,1,bike_lane
IM_03349.JPG,407,855.0260009765625,673.2738037109375,911.0654296875,739.0087890625,0.4273068606853485,1,roadway
IM_03350.JPG,408,1352.734375,616.9578857421875,1421.325927734375,728.8555908203125,0.5042454600334167,1,bike_lane
IM_03352.JPG,410,1312.4932861328125,592.5604858398438,1421.4453125,726.4677734375,0.2569754421710968,1,bike_lane
IM_03353.JPG,411,1339.620849609375,601.6177368164062,1417.878662109375,726.3304443359375,0.46504291892051697,1,bike_lane
IM_03354.JPG,412,1340.605712890625,607.6920776367188,1416.228759765625,727.4736328125,0.4106554388999939,1,bike_lane
IM_03355.JPG,413,1359.60595703125,625.8627319335938,1422.997314453125,731.4805297851562,0.3747580647468567,1,bike_lane
IM_03356.JPG,414,1354.9205322265625,619.2152099609375,1425.09619140625,727.0184326171875,0.39017876982688904,1,bike_lane
IM_03357.JPG,415,1354.59033203125,603.7078857421875,1416.140380859375,726.279541015625,0.4317610561847687,1,bike_lane
IM_03358.JPG,416,1359.359130859375,607.56494140625,1417.72509765625,727.392333984375,0.3133475184440613,1,bike_lane
IM_03358.JPG,416,1278.5218505859375,586.2257080078125,1371.78857421875,708.4465942382812,0.2565999925136566,1,bike_lane
IM_03358.JPG,416,1334.96630859375,610.7012939453125,1420.6146240234375,726.9742431640625,0.2562990188598633,1,bike_lane
IM_03358.JPG,416,1274.0106201171875,584.31591796875,1352.9635009765625,701.7745971679688,0.25532516837120056,1,bike_lane
IM_03360.JPG,418,1354.8388671875,602.4241333007812,1415.2392578125,727.7171630859375,0.40845903754234314,1,bike_lane
IM_03361.JPG,419,1357.65966796875,608.15966796875,1420.7772216796875,726.6964111328125,0.502640962600708,1,bike_lane
IM_03362.JPG,420,1340.954833984375,602.40478515625,1415.49267578125,724.844970703125,0.637564480304718,1,bike_lane
IM_03363.JPG,421,1338.3974609375,597.0264892578125,1417.147216796875,724.76416015625,0.4421614706516266,1,bike_lane
IM_03364.JPG,422,1344.4697265625,600.3135986328125,1420.933837890625,724.75732421875,0.4173811972141266,1,bike_lane
IM_03365.JPG,423,1016.2216186523438,619.1980590820312,1101.4918212890625,778.24658203125,0.7307053208351135,1,roadway
IM_03365.JPG,423,1348.8616943359375,599.585205078125,1418.177001953125,727.068115234375,0.3092542886734009,1,bike_lane
IM_03365.JPG,423,1352.873779296875,611.6412963867188,1417.5216064453125,729.0774536132812,0.25299128890037537,1,bike_lane
IM_03366.JPG,424,1348.205078125,598.7869262695312,1418.973876953125,727.0301513671875,0.43069443106651306,1,bike_lane
IM_03366.JPG,424,859.1881713867188,589.6132202148438,904.5525512695312,661.2911987304688,0.3255714476108551,1,roadway
IM_03367.JPG,425,1349.1937255859375,598.7689819335938,1416.00390625,724.6964721679688,0.2998216152191162,1,bike_lane
IM_03368.JPG,426,1343.613037109375,613.4202270507812,1415.46875,725.7733764648438,0.3593904674053192,1,bike_lane
IM_03369.JPG,427,1307.6546630859375,594.216064453125,1416.033203125,717.3511962890625,0.3863997757434845,1,bike_lane
IM_03370.JPG,428,1311.687255859375,593.7511596679688,1417.126220703125,716.0418701171875,0.4656926393508911,1,bike_lane
IM_03370.JPG,428,1257.761474609375,574.4014892578125,1413.830322265625,713.5972900390625,0.2511935830116272,1,bike_lane
IM_03372.JPG,430,1349.78369140625,599.779541015625,1475.900634765625,720.3704223632812,0.41549211740493774,1,bike_lane
IM_03373.JPG,431,1364.2454833984375,602.2457275390625,1478.1292724609375,720.79736328125,0.4106491506099701,1,bike_lane
IM_03374.JPG,432,1344.341796875,600.9617919921875,1477.448486328125,720.4700927734375,0.41862380504608154,1,bike_lane
IM_03376.JPG,434,1389.5892333984375,598.1455078125,1479.6697998046875,720.9808959960938,0.517421305179596,1,bike_lane
IM_03377.JPG,435,1378.62841796875,598.9993896484375,1478.9332275390625,721.925048828125,0.35166865587234497,1,bike_lane
IM_03380.JPG,438,1371.9222412109375,600.7931518554688,1476.227294921875,721.4116821289062,0.3091108798980713,1,bike_lane
IM_03382.JPG,440,1362.651611328125,603.770751953125,1477.8905029296875,721.1848754882812,0.32256391644477844,1,bike_lane
IM_03384.JPG,442,1361.735107421875,602.3123779296875,1476.9742431640625,721.0849609375,0.3137149512767792,1,bike_lane
IM_03384.JPG,442,809.9996337890625,580.0831298828125,861.8082275390625,635.938720703125,0.2506905794143677,1,roadway
IM_03385.JPG,443,1378.093994140625,601.863525390625,1478.815185546875,721.3013916015625,0.34755009412765503,1,bike_lane
IM_03386.JPG,444,1375.454833984375,601.5972290039062,1478.38720703125,721.5369873046875,0.3593904674053192,1,bike_lane
IM_03387.JPG,445,1637.64501953125,698.8003540039062,1808.684814453125,842.23095703125,0.5508650541305542,1,bike_lane
IM_03387.JPG,445,1750.4197998046875,741.2620239257812,1919.375244140625,1023.5223999023438,0.40837717056274414,1,roadway
IM_03387.JPG,445,1378.7177734375,603.1306762695312,1478.71240234375,721.688720703125,0.38310563564300537,1,bike_lane
IM_03387.JPG,445,1281.0423583984375,589.9198608398438,1361.3370361328125,704.3662109375,0.32281380891799927,1,bike_lane
IM_03387.JPG,445,1674.45458984375,707.332275390625,1817.28857421875,845.828125,0.25132960081100464,1,bike_lane
IM_03388.JPG,446,1533.482177734375,715.5924682617188,1875.9481201171875,1006.5858764648438,0.5177530646324158,1,roadway
IM_03388.JPG,446,1360.48876953125,601.7047119140625,1480.100341796875,720.289306640625,0.28252413868904114,1,bike_lane
IM_03388.JPG,446,1284.625,588.8394775390625,1357.30029296875,703.6840209960938,0.2672940492630005,1,bike_lane
IM_03389.JPG,447,1369.485595703125,602.50439453125,1477.484375,721.1236572265625,0.3512539267539978,1,bike_lane
IM_03389.JPG,447,919.4945068359375,620.3199462890625,1035.05224609375,761.50927734375,0.31544944643974304,1,roadway
IM_03390.JPG,448,882.0510864257812,615.4121704101562,977.6495361328125,730.251708984375,0.40694159269332886,1,roadway
IM_03390.JPG,448,1372.53955078125,625.4033203125,1476.8887939453125,719.336181640625,0.2994301915168762,1,bike_lane
IM_03391.JPG,449,1367.4217529296875,600.6651611328125,1477.2469482421875,721.6702880859375,0.3351219594478607,1,bike_lane
IM_03392.JPG,450,1374.1644287109375,600.9141845703125,1477.349609375,721.5309448242188,0.40179505944252014,1,bike_lane
IM_03393.JPG,451,1363.69921875,602.1651611328125,1477.4359130859375,721.8438720703125,0.32885074615478516,1,bike_lane
IM_03394.JPG,452,1371.79248046875,625.3131103515625,1476.7723388671875,719.5457153320312,0.34194186329841614,1,bike_lane
IM_03395.JPG,453,1372.543701171875,618.5007934570312,1477.5341796875,720.0012817382812,0.3009845018386841,1,bike_lane
IM_03395.JPG,453,1223.2763671875,582.2958984375,1336.5655517578125,700.3635864257812,0.25363507866859436,1,bike_lane
IM_03397.JPG,455,1340.195556640625,600.9029541015625,1477.593505859375,721.48583984375,0.307879239320755,1,bike_lane
IM_03401.JPG,459,1375.417724609375,627.226806640625,1478.5205078125,720.0341796875,0.3154321312904358,1,bike_lane
IM_03402.JPG,460,1375.4554443359375,602.2069702148438,1478.3006591796875,721.3853759765625,0.28596433997154236,1,bike_lane
IM_03402.JPG,460,1286.286376953125,584.6138305664062,1357.8759765625,706.339599609375,0.2676883041858673,1,bike_lane
IM_03403.JPG,461,1372.9495849609375,608.553466796875,1478.018310546875,720.1881103515625,0.2516081929206848,1,bike_lane
IM_03404.JPG,462,1374.363525390625,601.2391357421875,1478.1337890625,721.2630615234375,0.27141404151916504,1,bike_lane
IM_03405.JPG,463,1259.452392578125,624.8770141601562,1338.803466796875,708.3681640625,0.2832920253276825,1,bike_lane
IM_03406.JPG,464,1376.753173828125,628.6422119140625,1476.921630859375,720.221435546875,0.2720324695110321,1,bike_lane
IM_03407.JPG,465,992.1649169921875,617.2642822265625,1078.0987548828125,715.819091796875,0.5232506990432739,1,roadway
IM_03453.JPG,469,930.78125,609.2667236328125,1005.890869140625,719.053466796875,0.5967072248458862,1,roadway
IM_03455.JPG,471,1184.43017578125,621.6815185546875,1321.89404296875,812.6162109375,0.4749103784561157,1,roadway
IM_03498.JPG,476,1663.5552978515625,633.3026123046875,1917.1029052734375,906.193115234375,0.8689870238304138,1,bike_lane
IM_03500.JPG,478,982.836669921875,621.3392944335938,1042.009033203125,711.9803466796875,0.3113287091255188,1,roadway
IM_03514.JPG,485,1001.455078125,615.73193359375,1111.339599609375,759.2386474609375,0.608256459236145,1,roadway
IM_03515.JPG,486,938.17431640625,596.7618408203125,1030.465087890625,742.1983642578125,0.6939526200294495,1,roadway
IM_03516.JPG,487,1791.158203125,816.82763671875,1919.09033203125,979.4368286132812,0.5464205145835876,1,bike_lane
IM_03516.JPG,487,1329.10888671875,630.068603515625,1476.2037353515625,720.8958740234375,0.2815965712070465,1,bike_lane
IM_03525.JPG,490,1310.173583984375,597.6986083984375,1476.921875,719.6566162109375,0.39800581336021423,1,bike_lane
IM_03525.JPG,490,827.9456176757812,601.9923095703125,883.5206909179688,680.7635498046875,0.3035932779312134,1,roadway
IM_03526.JPG,491,1239.131591796875,628.8563232421875,1429.89453125,873.5905151367188,0.8331550359725952,1,roadway
IM_03527.JPG,492,1325.923583984375,625.0836791992188,1551.765625,845.2298583984375,0.806403398513794,1,roadway
IM_03528.JPG,493,975.2095947265625,603.723388671875,1047.611328125,710.7801513671875,0.42174232006073,1,roadway
IM_03528.JPG,493,1365.6572265625,634.9881591796875,1478.64501953125,721.7451782226562,0.27093324065208435,1,bike_lane
IM_03528.JPG,493,1373.588134765625,637.1781005859375,1480.336181640625,721.79150390625,0.264977365732193,1,bike_lane
IM_03550.JPG,497,1372.5963134765625,602.302978515625,1477.07958984375,721.555419921875,0.25484657287597656,1,bike_lane
IM_03553.JPG,498,1439.2701416015625,678.177734375,1658.126953125,922.1021728515625,0.8762708306312561,1,roadway
IM_03553.JPG,498,1312.313720703125,606.9847412109375,1450.41748046875,717.4663696289062,0.2666572332382202,1,bike_lane
IM_03589.JPG,499,870.1994018554688,587.557373046875,942.9501342773438,720.1319580078125,0.3248341381549835,1,roadway
IM_03589.JPG,499,871.0810546875,591.1140747070312,942.4603271484375,721.4600830078125,0.31133055686950684,1,roadway
IM_03590.JPG,500,1121.1068115234375,611.60107421875,1301.093505859375,832.5262451171875,0.6971876621246338,1,roadway
IM_03602.JPG,502,1356.976806640625,604.0084838867188,1478.418701171875,720.37841796875,0.29430291056632996,1,bike_lane
IM_03602.JPG,502,1355.521240234375,602.2476196289062,1479.660400390625,722.2516479492188,0.27004197239875793,1,bike_lane
IM_03602.JPG,502,782.7991333007812,589.0060424804688,859.8261108398438,702.2258911132812,0.2558457553386688,1,roadway
IM_03617.JPG,503,1248.914306640625,587.851806640625,1422.22802734375,718.20947265625,0.4541749656200409,1,bike_lane
IM_03617.JPG,503,996.7860107421875,591.00732421875,1104.7398681640625,676.7872924804688,0.42499613761901855,1,bike_lane
IM_03618.JPG,504,1259.59619140625,585.6102294921875,1422.156982421875,717.7224731445312,0.6188046932220459,1,bike_lane
IM_03618.JPG,504,824.5396728515625,578.804931640625,947.526123046875,673.25341796875,0.588051438331604,1,roadway
IM_03619.JPG,505,1081.94384765625,583.6558837890625,1195.554931640625,685.9111328125,0.7389567494392395,1,bike_lane
IM_03619.JPG,505,902.8135986328125,595.2092895507812,956.4473876953125,669.2403564453125,0.5713919997215271,1,roadway
IM_03643.JPG,509,1842.28759765625,494.1726379394531,1919.522705078125,830.7802734375,0.4318116009235382,1,bike_lane
IM_03644.JPG,510,1473.431884765625,625.6177368164062,1636.01025390625,772.5393676757812,0.6222699284553528,1,bike_lane
IM_03644.JPG,510,1387.20166015625,623.3597412109375,1635.712158203125,774.2685546875,0.49163922667503357,1,bike_lane
IM_03685.JPG,513,1115.32421875,604.6154174804688,1206.6138916015625,713.7459106445312,0.5017809867858887,1,bike_lane
IM_03709.JPG,514,1336.75830078125,611.0709228515625,1484.976806640625,785.1331787109375,0.4395642876625061,1,bike_lane
IM_03713.JPG,516,1470.224853515625,627.3255615234375,1574.7491455078125,792.130859375,0.34256789088249207,1,bike_lane
IM_03716.JPG,519,1181.147216796875,662.9317626953125,1377.530029296875,883.356689453125,0.7441397309303284,1,roadway
IM_03716.JPG,519,1582.291259765625,724.143798828125,1730.1192626953125,858.7288818359375,0.4722301661968231,1,bike_lane
IM_03729.JPG,523,1027.7618408203125,624.1851806640625,1126.2227783203125,810.4557495117188,0.5474042892456055,1,roadway
IM_03771.JPG,530,1323.135986328125,606.5703735351562,1484.63916015625,809.779296875,0.755392849445343,1,roadway
IM_03772.JPG,531,1783.4981689453125,839.6339111328125,1918.9698486328125,1022.0107421875,0.376710444688797,1,roadway
IM_03772.JPG,531,1782.2347412109375,680.4962158203125,1919.5931396484375,1023.4403686523438,0.33647432923316956,1,roadway
IM_03791.JPG,532,1049.169189453125,620.9580078125,1172.24951171875,809.256103515625,0.7075560688972473,1,roadway
IM_03794.JPG,534,1329.6845703125,672.4769287109375,1602.0384521484375,913.060791015625,0.8894634246826172,1,roadway
IM_03820.JPG,535,1747.733154296875,628.1688232421875,1918.81884765625,839.9571533203125,0.8327568769454956,1,bike_lane
IM_03871.JPG,541,1731.2626953125,704.3794555664062,1919.747802734375,945.4758911132812,0.5513548254966736,1,bike_lane
IM_03879.JPG,542,1806.6375732421875,683.78466796875,1919.186279296875,897.3262939453125,0.49615126848220825,1,bike_lane
IM_03879.JPG,542,1808.524658203125,595.249267578125,1919.237548828125,899.4376220703125,0.321865975856781,1,bike_lane
IM_03880.JPG,543,1396.103515625,634.8273315429688,1583.094970703125,846.065185546875,0.8385156393051147,1,roadway
IM_03880.JPG,543,1080.25,622.2202758789062,1155.355224609375,715.3031005859375,0.5069403648376465,1,roadway
IM_03901.JPG,544,1343.6678466796875,652.9039306640625,1524.3475341796875,883.1962280273438,0.8511782884597778,1,roadway
IM_03905.JPG,545,1326.947265625,598.7818603515625,1477.572265625,756.17626953125,0.7885614037513733,1,bike_lane
IM_03906.JPG,546,1009.333740234375,588.7754516601562,1080.84814453125,668.1441650390625,0.6422460675239563,1,bike_lane
IM_03917.JPG,547,1332.77734375,629.2652587890625,1465.197998046875,771.4990234375,0.5354881882667542,1,bike_lane
IM_03917.JPG,547,1366.04345703125,642.6494140625,1462.71435546875,769.718505859375,0.44011837244033813,1,bike_lane
IM_03917.JPG,547,1407.55322265625,651.82861328125,1462.292236328125,770.0345458984375,0.28314274549484253,1,bike_lane
IM_03919.JPG,549,684.8132934570312,593.8131103515625,938.406005859375,788.041748046875,0.7716372013092041,1,roadway
IM_03955.JPG,553,1093.376708984375,609.2523193359375,1163.046142578125,690.908935546875,0.29304319620132446,1,bike_lane
IM_03961.JPG,555,1249.4638671875,615.9930419921875,1449.408203125,860.20947265625,0.6940324306488037,1,roadway
IM_03985.JPG,558,1326.478759765625,620.9177856445312,1500.8319091796875,818.258056640625,0.683229386806488,1,roadway
IM_04017.JPG,564,1376.129638671875,612.006103515625,1562.587646484375,819.544921875,0.7401081919670105,1,bike_lane
IM_04019.JPG,566,1465.3011474609375,647.5037231445312,1720.4000244140625,911.4049072265625,0.8678863644599915,1,roadway
IM_04019.JPG,566,1157.125732421875,704.8906860351562,1355.6617431640625,961.3833618164062,0.8344659209251404,1,roadway
IM_04022.JPG,569,1355.140869140625,644.4178466796875,1570.8819580078125,874.6668701171875,0.9038287401199341,1,roadway
IM_04022.JPG,569,933.12939453125,657.8753662109375,1112.7470703125,917.3750610351562,0.5165106654167175,1,roadway
IM_04053.JPG,570,1459.3251953125,657.1209716796875,1740.7825927734375,969.6168212890625,0.9093232750892639,1,roadway
IM_04066.JPG,575,1200.39599609375,642.9817504882812,1356.857421875,873.9986572265625,0.8624016642570496,1,roadway
IM_04076.JPG,576,1119.1968994140625,624.530517578125,1250.6558837890625,799.4782104492188,0.7493358850479126,1,roadway
IM_04083.JPG,577,1342.171630859375,612.4795532226562,1487.710205078125,813.7789306640625,0.7667718529701233,1,bike_lane
IM_04083.JPG,577,1826.2913818359375,783.0640869140625,1919.5382080078125,985.4615478515625,0.31562596559524536,1,bike_lane
IM_04084.JPG,578,1150.29296875,621.1666259765625,1224.448486328125,736.446533203125,0.40484562516212463,1,bike_lane
IM_04084.JPG,578,1011.8748779296875,587.7713623046875,1079.3404541015625,673.6138916015625,0.404744952917099,1,bike_lane
IM_04090.JPG,582,787.23974609375,568.8828735351562,845.6871337890625,642.0712280273438,0.3714179992675781,1,roadway
IM_04091.JPG,583,1097.822265625,609.3447265625,1171.35693359375,715.6737060546875,0.4981117248535156,1,bike_lane
IM_04103.JPG,595,939.1197509765625,623.8587646484375,1042.4769287109375,788.5757446289062,0.40159037709236145,1,roadway
IM_04103.JPG,595,755.9802856445312,580.9166259765625,822.1358642578125,702.93408203125,0.25534293055534363,1,roadway
IM_04104.JPG,596,981.1895751953125,663.4708251953125,1148.5262451171875,924.8757934570312,0.6384384632110596,1,roadway
IM_04108.JPG,600,941.9701538085938,592.0380859375,1012.4571533203125,697.1888427734375,0.3411613702774048,1,roadway
IM_04108.JPG,600,947.1630249023438,605.8568115234375,1009.8715209960938,696.040283203125,0.3304688632488251,1,roadway
IM_04108.JPG,600,941.791259765625,599.0945434570312,1011.7034912109375,694.9625244140625,0.2810830771923065,1,roadway
IM_04153.JPG,605,1021.7759399414062,599.6146240234375,1096.65576171875,684.3135986328125,0.5009260177612305,1,bike_lane
IM_04155.JPG,607,958.8878173828125,627.0496215820312,1065.9312744140625,789.3929443359375,0.3951171040534973,1,roadway
IM_04155.JPG,607,962.8969116210938,626.1143188476562,1043.683349609375,769.6331176757812,0.32030242681503296,1,roadway
IM_04169.JPG,614,1545.584228515625,623.3739013671875,1754.131103515625,826.2222900390625,0.8689572215080261,1,bike_lane
IM_04170.JPG,615,1577.19775390625,655.9180908203125,1842.666748046875,867.1162109375,0.8889691233634949,1,bike_lane
IM_04170.JPG,615,1264.3050537109375,586.8632202148438,1373.3648681640625,727.792724609375,0.5008223056793213,1,bike_lane
IM_04201.JPG,617,1305.802978515625,644.3648071289062,1563.2794189453125,877.08251953125,0.9292593598365784,1,roadway
IM_04201.JPG,617,869.044189453125,602.2867431640625,938.7220458984375,719.816650390625,0.3232920467853546,1,roadway
IM_04205.JPG,621,1470.8016357421875,606.0899658203125,1721.6978759765625,792.1087646484375,0.4586603045463562,1,bike_lane
IM_04205.JPG,621,1024.6805419921875,703.57373046875,1236.4281005859375,996.3558349609375,0.31596821546554565,1,roadway
IM_04206.JPG,622,1221.715576171875,581.3170166015625,1352.74072265625,716.6614990234375,0.26160532236099243,1,bike_lane
IM_04223.JPG,625,1573.207763671875,629.3490600585938,1799.548828125,835.6177368164062,0.8508392572402954,1,bike_lane
IM_04224.JPG,626,1252.91357421875,599.304443359375,1394.193115234375,746.9705810546875,0.5228531360626221,1,bike_lane
IM_04247.JPG,638,1329.07275390625,619.8504638671875,1500.965087890625,792.276123046875,0.9169533252716064,1,bike_lane
IM_04262.JPG,642,1239.5379638671875,628.24072265625,1381.001708984375,755.7024536132812,0.6585618257522583,1,bike_lane
IM_04286.JPG,643,1114.3447265625,622.50390625,1214.687744140625,784.0406494140625,0.3119637370109558,1,roadway
IM_04309.JPG,644,891.7468872070312,591.144775390625,960.0844116210938,687.768798828125,0.25060585141181946,1,roadway
IM_04310.JPG,645,1760.716552734375,691.462890625,1919.6114501953125,915.9845581054688,0.5157945156097412,1,bike_lane
IM_04345.JPG,647,1307.1876220703125,657.6232299804688,1473.24267578125,908.6568603515625,0.8241244554519653,1,roadway
IM_04361.JPG,651,1708.7435302734375,625.3770751953125,1919.0269775390625,838.195556640625,0.8270564675331116,1,bike_lane
IM_04363.JPG,652,971.1729125976562,623.265869140625,1050.705078125,737.13134765625,0.3940415680408478,1,roadway
IM_04363.JPG,652,963.8177490234375,599.5367431640625,1037.260986328125,734.451171875,0.33883219957351685,1,roadway
IM_04363.JPG,652,969.8291015625,607.16650390625,1048.3135986328125,735.1141357421875,0.3107154369354248,1,roadway
IM_04363.JPG,652,959.8038940429688,595.3265380859375,1055.875244140625,738.0748291015625,0.29921355843544006,1,roadway
IM_04363.JPG,652,957.0380859375,593.7108154296875,1050.9737548828125,732.6349487304688,0.27894681692123413,1,roadway
IM_04363.JPG,652,967.1255493164062,602.0626220703125,1044.238525390625,735.864501953125,0.26272672414779663,1,roadway
IM_04363.JPG,652,961.9469604492188,597.5965576171875,1060.60205078125,738.9627685546875,0.2580614984035492,1,roadway
IM_04364.JPG,653,1001.1608276367188,600.668701171875,1071.45751953125,688.3430786132812,0.308159738779068,1,roadway
IM_04364.JPG,653,1000.8821411132812,597.2791748046875,1070.78466796875,688.4012451171875,0.287742018699646,1,roadway
IM_04364.JPG,653,1000.0609130859375,598.9998779296875,1070.76806640625,687.3951416015625,0.26286882162094116,1,roadway
IM_04366.JPG,654,1167.21923828125,631.2434692382812,1289.363037109375,745.6939697265625,0.281873494386673,1,bike_lane
IM_04433.JPG,656,1537.5721435546875,661.6781005859375,1796.6802978515625,865.0632934570312,0.9034602642059326,1,bike_lane
IM_04434.JPG,657,1106.913330078125,609.30712890625,1249.067626953125,764.8157958984375,0.6387516856193542,1,roadway
IM_04465.JPG,660,1613.203857421875,810.3378295898438,1920.0,1025.5572509765625,0.658016562461853,1,roadway
IM_04465.JPG,660,937.5053100585938,631.76318359375,1097.26953125,868.9630737304688,0.34133094549179077,1,roadway
IM_04465.JPG,660,931.2398681640625,672.2484741210938,982.668212890625,826.9244384765625,0.3400653600692749,1,roadway
IM_04496.JPG,661,1488.847900390625,695.6896362304688,1716.8682861328125,987.4315795898438,0.8749945759773254,1,roadway
IM_04503.JPG,662,1257.4921875,613.4774780273438,1418.5166015625,753.8968505859375,0.7670013904571533,1,bike_lane
IM_04504.JPG,663,1047.5987548828125,604.6671142578125,1162.126953125,698.7474365234375,0.44815173745155334,1,bike_lane
IM_04504.JPG,663,1045.16064453125,613.1508178710938,1142.1522216796875,692.8582763671875,0.34151706099510193,1,bike_lane
IM_04505.JPG,664,1128.4774169921875,606.9065551757812,1267.166259765625,742.9261474609375,0.3076683282852173,1,roadway
IM_04531.JPG,665,1502.026123046875,678.1094360351562,1755.7620849609375,897.4940185546875,0.8721489906311035,1,roadway
IM_04532.JPG,666,1444.22509765625,632.8851318359375,1610.034912109375,787.04150390625,0.8803815245628357,1,bike_lane
IM_04532.JPG,666,1052.040283203125,628.2130126953125,1193.24462890625,748.1365966796875,0.44796401262283325,1,roadway
IM_04536.JPG,667,1621.926025390625,649.1842041015625,1831.652587890625,849.6329956054688,0.8519449830055237,1,bike_lane
IM_04595.JPG,670,529.5865478515625,584.746826171875,638.6710205078125,677.7546997070312,0.3881296217441559,1,roadway
IM_04597.JPG,671,1178.617431640625,614.9925537109375,1308.34912109375,744.3720703125,0.46971315145492554,1,bike_lane
IM_04607.JPG,672,1073.1683349609375,634.5340576171875,1293.6064453125,867.64453125,0.8248301148414612,1,roadway
IM_04607.JPG,672,1072.818359375,660.883544921875,1127.7467041015625,809.1209716796875,0.29331058263778687,1,roadway
IM_04607.JPG,672,1074.863037109375,644.5662841796875,1142.54345703125,808.7769775390625,0.25261661410331726,1,roadway
IM_04614.JPG,673,878.2520141601562,623.6263427734375,937.0903930664062,745.3570556640625,0.4034123718738556,1,roadway
IM_04620.JPG,675,750.6121826171875,615.908203125,814.8660278320312,762.0479736328125,0.7188745141029358,1,roadway
IM_04633.JPG,677,938.4249267578125,614.3179931640625,1000.8792724609375,738.1385498046875,0.3630673289299011,1,roadway
IM_04639.JPG,678,892.6170043945312,688.001220703125,990.1873168945312,862.6181030273438,0.5340598821640015,1,roadway
IM_04649.JPG,679,990.0545654296875,627.40234375,1090.5003662109375,787.3526611328125,0.41801416873931885,1,roadway
IM_04663.JPG,680,1132.09423828125,617.87841796875,1227.1754150390625,711.72705078125,0.3318403959274292,1,bike_lane
IM_04679.JPG,683,1224.0418701171875,602.9566650390625,1344.8306884765625,726.1077880859375,0.4308457374572754,1,bike_lane
IM_04679.JPG,683,667.207763671875,575.052978515625,719.6337890625,683.4462890625,0.37384122610092163,1,roadway
IM_04680.JPG,684,746.32666015625,584.5560302734375,803.811279296875,700.60205078125,0.258175253868103,1,roadway
IM_04682.JPG,686,1241.7802734375,689.5457153320312,1607.31005859375,1026.2984619140625,0.8647651076316833,1,roadway
IM_04683.JPG,687,1139.6898193359375,636.7095336914062,1322.660888671875,911.523193359375,0.29327699542045593,1,roadway
IM_04685.JPG,689,1391.3359375,692.8211669921875,1630.929931640625,961.1943359375,0.8588888645172119,1,roadway
IM_04696.JPG,691,1390.629638671875,617.302001953125,1549.9434814453125,772.6365966796875,0.6540582180023193,1,bike_lane
IM_04697.JPG,692,1527.3193359375,643.1774291992188,1856.5634765625,914.6978759765625,0.839150071144104,1,roadway
IM_04699.JPG,693,1233.168701171875,708.5595703125,1493.81201171875,1005.4275512695312,0.8822954893112183,1,roadway
IM_04704.JPG,694,664.4715576171875,600.467041015625,715.2825927734375,696.01513671875,0.4963255822658539,1,roadway
IM_04704.JPG,694,824.1474609375,614.3656005859375,896.1187133789062,727.856201171875,0.40480726957321167,1,roadway
IM_04714.JPG,695,958.6129760742188,598.456298828125,1027.71630859375,737.09375,0.3157792389392853,1,roadway
IM_04747.JPG,696,979.0479125976562,635.5406494140625,1071.549072265625,820.3793334960938,0.333243191242218,1,roadway
IM_04762.JPG,697,1639.8892822265625,642.81298828125,1893.0743408203125,900.1871337890625,0.9164983034133911,1,bike_lane
IM_04768.JPG,699,1517.111572265625,692.252685546875,1808.874755859375,1015.6580200195312,0.8523110151290894,1,roadway
IM_04769.JPG,700,1363.3597412109375,639.1278076171875,1565.42138671875,837.1854858398438,0.7453111410140991,1,roadway
IM_04769.JPG,700,1317.59130859375,624.8721313476562,1386.934326171875,718.4240112304688,0.4620048403739929,1,bike_lane
IM_04769.JPG,700,1036.3994140625,598.6371459960938,1149.487548828125,720.5169067382812,0.43652257323265076,1,roadway
IM_04769.JPG,700,1318.517333984375,617.4625854492188,1395.619140625,718.6876220703125,0.4271845817565918,1,bike_lane
IM_04769.JPG,700,1035.24560546875,615.6561279296875,1162.5126953125,723.072265625,0.34398147463798523,1,roadway
IM_04769.JPG,700,1318.9002685546875,622.271240234375,1394.735595703125,719.3955688476562,0.3414302170276642,1,bike_lane
IM_04769.JPG,700,1034.25732421875,603.94580078125,1159.358642578125,727.099609375,0.3255957365036011,1,roadway
IM_04769.JPG,700,1036.01416015625,614.84423828125,1143.3740234375,718.661376953125,0.2967706620693207,1,roadway
IM_04769.JPG,700,1317.393310546875,594.7594604492188,1406.57373046875,718.9177856445312,0.29389524459838867,1,bike_lane
IM_04769.JPG,700,1317.1416015625,601.1226196289062,1403.22021484375,720.4531860351562,0.28417229652404785,1,bike_lane
IM_04769.JPG,700,1034.9095458984375,609.2886962890625,1117.2315673828125,717.3567504882812,0.2684146761894226,1,roadway
IM_04769.JPG,700,1318.4300537109375,628.5225830078125,1378.4271240234375,718.968994140625,0.26137271523475647,1,bike_lane
IM_04773.JPG,702,1142.042236328125,643.0277099609375,1201.993896484375,738.2547607421875,0.31062331795692444,1,bike_lane
IM_04773.JPG,702,1573.87939453125,682.7810668945312,1685.515869140625,831.7510986328125,0.28366878628730774,1,bike_lane
IM_04773.JPG,702,1575.811279296875,679.667236328125,1683.398681640625,831.1954345703125,0.2533932328224182,1,bike_lane
IM_04776.JPG,704,822.8834838867188,607.625,860.5896606445312,670.515625,0.287420392036438,1,roadway
IM_04804.JPG,705,757.65966796875,616.1964111328125,818.4852905273438,732.970458984375,0.32829004526138306,1,roadway
IM_04821.JPG,706,1435.990478515625,616.258544921875,1599.52490234375,806.9365234375,0.8267850279808044,1,bike_lane
IM_04823.JPG,708,735.385498046875,587.634765625,790.0623779296875,705.117431640625,0.2630671262741089,1,roadway
IM_04824.JPG,709,992.423095703125,650.017822265625,1146.1619873046875,856.7581787109375,0.7148503065109253,1,roadway
IM_04831.JPG,712,561.3768920898438,603.2769775390625,745.2679443359375,726.7515869140625,0.710997462272644,1,roadway
IM_04832.JPG,713,753.3795166015625,594.5322875976562,920.5720825195312,709.87353515625,0.5602743029594421,1,roadway
IM_04835.JPG,714,1098.71728515625,592.2662353515625,1195.794189453125,695.467041015625,0.3073551654815674,1,bike_lane
IM_04835.JPG,714,1099.397705078125,597.990966796875,1182.885986328125,695.735595703125,0.2948223054409027,1,bike_lane
IM_04843.JPG,715,1019.568359375,619.8446044921875,1200.8377685546875,848.1183471679688,0.7776622176170349,1,roadway
IM_04847.JPG,716,1445.9140625,666.7068481445312,1703.3492431640625,998.80810546875,0.860988199710846,1,roadway
IM_04859.JPG,717,1379.057861328125,690.99658203125,1778.7850341796875,969.6359252929688,0.934380054473877,1,roadway
IM_04867.JPG,719,880.9771728515625,611.754150390625,961.1202392578125,744.3782958984375,0.6684500575065613,1,roadway
IM_04867.JPG,719,1195.1470947265625,611.091552734375,1349.7822265625,770.6885986328125,0.6403225064277649,1,roadway
IM_04871.JPG,720,1111.339599609375,669.779296875,1252.634033203125,958.0266723632812,0.6446781158447266,1,roadway
IM_04876.JPG,721,913.4613647460938,636.229736328125,988.84130859375,754.489990234375,0.41220083832740784,1,roadway
IM_04876.JPG,721,1118.670654296875,587.1746826171875,1192.7010498046875,685.3417358398438,0.3830769956111908,1,bike_lane
IM_04877.JPG,722,1456.869873046875,660.7494506835938,1712.7220458984375,855.3067016601562,0.8580632209777832,1,bike_lane
IM_04877.JPG,722,1072.8251953125,583.454345703125,1145.380126953125,674.5474853515625,0.301235556602478,1,bike_lane
IM_04877.JPG,722,1071.784423828125,546.8657836914062,1149.50537109375,675.9639282226562,0.2527659237384796,1,bike_lane
IM_04878.JPG,723,966.8453979492188,604.7012329101562,1122.53125,745.3641357421875,0.7240844368934631,1,roadway
IM_04889.JPG,727,564.5264282226562,605.2574462890625,768.4458618164062,737.2222900390625,0.8229907155036926,1,roadway
IM_04893.JPG,729,1549.483642578125,628.1143798828125,1750.413330078125,825.104736328125,0.870564341545105,1,bike_lane
IM_04893.JPG,729,735.5523681640625,608.4244384765625,792.6417236328125,733.5867309570312,0.5878767967224121,1,roadway
IM_04894.JPG,730,967.0156860351562,655.6071166992188,1130.423828125,964.809814453125,0.6847712993621826,1,roadway
IM_04894.JPG,730,1166.900390625,592.21044921875,1285.2257080078125,706.4215698242188,0.4746071994304657,1,bike_lane
IM_04930.JPG,732,775.2457275390625,581.04296875,812.5947265625,645.8070068359375,0.2650826871395111,1,roadway
IM_04931.JPG,733,933.116455078125,628.2877197265625,1025.478515625,746.6819458007812,0.6066836714744568,1,roadway
IM_04931.JPG,733,863.6077880859375,614.1510009765625,938.457275390625,803.7125244140625,0.49615678191185,1,roadway
IM_04938.JPG,735,1590.5634765625,629.3538208007812,1763.3740234375,799.7565307617188,0.5788595080375671,1,bike_lane
IM_04941.JPG,738,1021.1998901367188,647.5721435546875,1241.326416015625,952.0164794921875,0.8519505262374878,1,roadway
IM_04941.JPG,738,656.2589111328125,593.0218505859375,725.8864135742188,663.0635375976562,0.5196263194084167,1,roadway
IM_04941.JPG,738,767.1190795898438,603.4752197265625,832.61865234375,753.8593139648438,0.3802477717399597,1,roadway
IM_04942.JPG,739,1025.2685546875,669.7550048828125,1226.36767578125,918.883544921875,0.8448036313056946,1,roadway
IM_04943.JPG,740,1405.818603515625,629.5491943359375,1587.1640625,811.1061401367188,0.8732031583786011,1,bike_lane
IM_04944.JPG,741,1030.588134765625,588.9603881835938,1108.3099365234375,687.4828491210938,0.5195084810256958,1,bike_lane
IM_04988.JPG,743,1819.82763671875,649.6272583007812,1919.467041015625,859.3610229492188,0.6073843836784363,1,bike_lane
IM_04988.JPG,743,1327.521728515625,629.2650146484375,1461.5101318359375,760.2200317382812,0.5131261944770813,1,bike_lane
IM_05001.JPG,744,1557.0684814453125,624.125732421875,1756.3494873046875,821.6080322265625,0.9062824249267578,1,bike_lane
IM_05003.JPG,745,1284.472412109375,597.5323486328125,1436.49658203125,755.46142578125,0.7324720621109009,1,bike_lane
IM_05003.JPG,745,999.2645874023438,600.35205078125,1054.038330078125,676.4100341796875,0.27106979489326477,1,bike_lane
IM_05007.JPG,746,714.3446044921875,579.6338500976562,753.8104248046875,664.7784423828125,0.37931373715400696,1,roadway
IM_05008.JPG,747,783.5859375,602.986083984375,839.253662109375,721.6349487304688,0.5638135075569153,1,roadway
IM_05008.JPG,747,791.388427734375,615.4389038085938,844.3538818359375,730.8070068359375,0.35628652572631836,1,roadway
IM_05008.JPG,747,1047.4075927734375,626.5811767578125,1196.0159912109375,849.5706787109375,0.346596360206604,1,roadway
IM_05008.JPG,747,781.9368896484375,600.9776000976562,825.9166259765625,700.17041015625,0.3001664876937866,1,roadway
IM_05017.JPG,748,1612.546875,659.373291015625,1819.754150390625,862.3976440429688,0.8679942488670349,1,bike_lane
IM_05017.JPG,748,835.3843994140625,636.572021484375,927.5794677734375,792.7227783203125,0.527859628200531,1,roadway
IM_05017.JPG,748,838.0499267578125,665.8939208984375,935.115966796875,802.4739990234375,0.2986815273761749,1,roadway
IM_05018.JPG,749,883.4243774414062,605.319091796875,955.9110717773438,724.49951171875,0.5909745097160339,1,roadway
IM_05018.JPG,749,1050.131103515625,591.6435546875,1116.0966796875,680.853271484375,0.4192141592502594,1,bike_lane
IM_05031.JPG,752,955.6851196289062,646.2218627929688,1050.138916015625,801.48583984375,0.3194654583930969,1,roadway
IM_05037.JPG,753,927.1322021484375,642.3841552734375,1068.2567138671875,820.0074462890625,0.4795919358730316,1,roadway
IM_05037.JPG,753,964.2564697265625,642.4077758789062,1068.5496826171875,810.6022338867188,0.3530479967594147,1,roadway
IM_05037.JPG,753,930.7996215820312,644.4208984375,1142.0,829.5994873046875,0.2604304254055023,1,roadway
IM_05065.JPG,754,1356.661865234375,619.7125854492188,1506.03857421875,779.73486328125,0.6666063666343689,1,bike_lane
IM_05066.JPG,755,930.1256103515625,587.8486328125,974.751708984375,662.9356079101562,0.2639705538749695,1,roadway
IM_05069.JPG,757,1161.1285400390625,659.895263671875,1283.101806640625,805.9171142578125,0.4738711714744568,1,roadway
IM_05077.JPG,758,745.5777587890625,573.33935546875,773.7525634765625,646.589111328125,0.3753175735473633,1,roadway
IM_05077.JPG,758,765.3887939453125,568.9803466796875,815.234375,657.9241943359375,0.3576492369174957,1,roadway
IM_05077.JPG,758,1861.119140625,872.8174438476562,1919.340087890625,1025.0810546875,0.2636575400829315,1,roadway
IM_05078.JPG,759,827.4228515625,586.493408203125,873.56689453125,696.7157592773438,0.2854824364185333,1,roadway
IM_05095.JPG,762,703.827392578125,606.4009399414062,759.821044921875,730.4957275390625,0.35732176899909973,1,roadway
IM_05095.JPG,762,705.289794921875,611.6181640625,758.0784912109375,732.5556640625,0.3067748248577118,1,roadway
IM_05096.JPG,763,993.0254516601562,699.2030639648438,1218.3134765625,992.4193725585938,0.7507940530776978,1,roadway
IM_05097.JPG,764,1474.947021484375,618.5015869140625,1674.7607421875,784.611572265625,0.7472954988479614,1,bike_lane
IM_05097.JPG,764,1167.247802734375,608.3612060546875,1303.7587890625,727.0027465820312,0.282516211271286,1,bike_lane
IM_05097.JPG,764,1077.051025390625,600.3213500976562,1166.8572998046875,694.373291015625,0.25791725516319275,1,bike_lane
IM_05098.JPG,765,1259.9080810546875,602.4000244140625,1394.4931640625,729.48193359375,0.47033199667930603,1,bike_lane
IM_05098.JPG,765,995.94873046875,591.010986328125,1107.492919921875,695.4735717773438,0.41894832253456116,1,roadway
IM_05098.JPG,765,934.8817749023438,592.0350341796875,1035.653564453125,665.4765625,0.29253432154655457,1,roadway
IM_05111.JPG,766,1135.304443359375,715.8467407226562,1313.091796875,1021.5714111328125,0.8015841841697693,1,roadway
IM_05147.JPG,772,915.6871948242188,681.1664428710938,1083.07666015625,941.6292114257812,0.8406587243080139,1,roadway
IM_05154.JPG,775,749.1071166992188,635.6178588867188,921.52294921875,842.6751708984375,0.630273699760437,1,roadway
IM_05155.JPG,776,1381.02978515625,623.2326049804688,1608.114501953125,827.9518432617188,0.7891964316368103,1,bike_lane
IM_05156.JPG,777,1261.1656494140625,598.6175537109375,1439.773681640625,771.856201171875,0.6858842968940735,1,bike_lane
IM_05156.JPG,777,986.18994140625,582.7857055664062,1052.1932373046875,691.0153198242188,0.3083425760269165,1,roadway
IM_05161.JPG,778,895.6497802734375,632.1403198242188,977.568603515625,806.807373046875,0.6386975049972534,1,roadway
IM_05163.JPG,779,1456.5438232421875,607.722900390625,1666.973876953125,797.8814697265625,0.7468403577804565,1,bike_lane
IM_05164.JPG,780,1067.8040771484375,595.2784423828125,1144.1337890625,691.5313720703125,0.2910845875740051,1,bike_lane
IM_05169.JPG,781,886.8367309570312,663.421875,979.2654418945312,836.0473022460938,0.5577488541603088,1,roadway
IM_05169.JPG,781,811.34033203125,599.5260009765625,865.1085205078125,701.634033203125,0.40333157777786255,1,roadway
IM_05169.JPG,781,904.8482666015625,661.77880859375,971.587646484375,842.9097290039062,0.33521971106529236,1,roadway
IM_05170.JPG,782,1030.4544677734375,659.2523193359375,1123.961181640625,838.7166748046875,0.4611407220363617,1,roadway
IM_05171.JPG,783,1630.482666015625,640.923828125,1854.708740234375,832.1980590820312,0.809963047504425,1,bike_lane
IM_05171.JPG,783,1027.759765625,630.97900390625,1108.1845703125,772.8426513671875,0.4856902062892914,1,roadway
IM_05171.JPG,783,1012.2122802734375,630.7809448242188,1097.8673095703125,759.1561889648438,0.34244632720947266,1,roadway
IM_05172.JPG,784,1094.47802734375,591.7064208984375,1170.8590087890625,692.1132202148438,0.2812681198120117,1,bike_lane
IM_05184.JPG,785,1511.3150634765625,621.8659057617188,1766.669677734375,839.5296630859375,0.8490862846374512,1,bike_lane
IM_05195.JPG,788,1504.60302734375,630.8062133789062,1673.224853515625,816.0133666992188,0.7042685747146606,1,bike_lane
IM_05221.JPG,791,1447.76123046875,624.0184936523438,1642.197998046875,806.6936645507812,0.8807516098022461,1,bike_lane
IM_05229.JPG,793,1082.543212890625,636.919677734375,1243.590576171875,877.1595458984375,0.408532977104187,1,roadway
IM_05234.JPG,795,817.6754150390625,618.5703125,868.3681640625,750.500732421875,0.3270483911037445,1,roadway
IM_05236.JPG,797,948.0236206054688,575.0592041015625,1005.3704223632812,645.645263671875,0.4992038905620575,1,bike_lane
IM_05251.JPG,798,1076.4326171875,641.9136352539062,1271.46630859375,845.3880615234375,0.8362162709236145,1,roadway
IM_05251.JPG,798,1506.4501953125,635.5130615234375,1636.203857421875,875.9847412109375,0.3966701030731201,1,bike_lane
IM_05251.JPG,798,1456.9830322265625,633.9810791015625,1630.84130859375,874.8890991210938,0.33821994066238403,1,roadway
IM_05333.JPG,801,1004.7777099609375,598.4146118164062,1090.959716796875,688.1399536132812,0.31413909792900085,1,roadway
IM_05355.JPG,802,1422.1533203125,683.2215576171875,1582.533203125,920.2047729492188,0.7043896913528442,1,roadway
IM_05355.JPG,802,804.92822265625,640.3826293945312,879.900390625,817.778076171875,0.3427472412586212,1,roadway
IM_05365.JPG,804,943.2819213867188,694.5777587890625,1018.3471069335938,842.8448486328125,0.39899927377700806,1,roadway
IM_05365.JPG,804,929.0304565429688,670.9454956054688,1024.460693359375,842.7057495117188,0.35545387864112854,1,roadway
IM_05369.JPG,807,1004.7189331054688,643.0059204101562,1105.39208984375,868.695556640625,0.6356052756309509,1,roadway
IM_05369.JPG,807,718.6270751953125,584.209228515625,760.12353515625,669.0738525390625,0.4550394117832184,1,roadway
IM_05369.JPG,807,831.2618408203125,612.9212036132812,900.6536865234375,762.3739013671875,0.33544227480888367,1,roadway
IM_05369.JPG,807,837.45849609375,590.9947509765625,913.6556396484375,765.5484619140625,0.3124646544456482,1,roadway
IM_05369.JPG,807,714.789794921875,549.970703125,765.1063232421875,669.3170776367188,0.25881433486938477,1,roadway
IM_05370.JPG,808,952.533447265625,598.970703125,1054.7957763671875,775.934326171875,0.5062564611434937,1,roadway
IM_05375.JPG,809,1083.181396484375,595.839599609375,1160.088623046875,695.6658935546875,0.25738227367401123,1,bike_lane
IM_05377.JPG,811,1324.4031982421875,612.9915771484375,1493.3824462890625,806.4696044921875,0.5200750231742859,1,bike_lane
IM_05377.JPG,811,1596.5849609375,619.63134765625,1890.384765625,899.4432373046875,0.32033273577690125,1,bike_lane
IM_05378.JPG,812,1230.9189453125,584.83056640625,1325.148681640625,695.8155517578125,0.2682630121707916,1,bike_lane
IM_05388.JPG,817,1201.4659423828125,633.9962158203125,1387.49560546875,904.2296142578125,0.5923083424568176,1,roadway
IM_05388.JPG,817,763.431396484375,560.8348388671875,829.0581665039062,632.6401977539062,0.3546473979949951,1,roadway
IM_05388.JPG,817,924.5172119140625,601.9337158203125,983.453857421875,728.5445556640625,0.2844688594341278,1,roadway
IM_05389.JPG,818,1580.0595703125,720.096435546875,1899.2039794921875,987.188720703125,0.8222878575325012,1,roadway
IM_05389.JPG,818,689.3167114257812,591.3203125,749.88232421875,715.2340087890625,0.3807436525821686,1,roadway
IM_05389.JPG,818,861.7083740234375,672.2498168945312,958.3013916015625,859.9456787109375,0.32061123847961426,1,roadway
IM_05389.JPG,818,869.4472045898438,658.0692138671875,938.3677368164062,827.4186401367188,0.30330443382263184,1,roadway
IM_05389.JPG,818,854.2772827148438,656.5607299804688,982.0303344726562,874.0175170898438,0.2681950628757477,1,roadway
IM_05390.JPG,819,995.4818115234375,828.5216064453125,1170.7620849609375,1023.7266845703125,0.38849636912345886,1,roadway
IM_05390.JPG,819,744.8726196289062,632.2725830078125,808.0462646484375,789.6488037109375,0.28421151638031006,1,roadway
IM_05400.JPG,821,1501.565673828125,693.3065185546875,1793.087890625,1019.813232421875,0.8645917177200317,1,roadway
IM_05403.JPG,822,1051.3232421875,629.4422607421875,1168.894287109375,836.2868041992188,0.42973995208740234,1,roadway
IM_05418.JPG,823,1167.72998046875,662.9539184570312,1368.39892578125,925.259765625,0.6102716326713562,1,roadway
IM_05434.JPG,828,966.3590698242188,622.0426025390625,1094.1053466796875,775.9609375,0.2764369547367096,1,roadway
IM_05434.JPG,828,965.4072875976562,619.5609741210938,1096.507080078125,774.1459350585938,0.2656889855861664,1,roadway
IM_05434.JPG,828,965.1853637695312,613.2864990234375,1097.197509765625,786.0529174804688,0.2647489607334137,1,roadway
IM_05434.JPG,828,964.9365234375,620.0194091796875,1096.51904296875,783.1929931640625,0.2641950249671936,1,roadway
IM_05434.JPG,828,967.5239868164062,605.8229370117188,1094.803466796875,784.573974609375,0.261944979429245,1,roadway
IM_05451.JPG,831,1491.767822265625,624.4586791992188,1687.93603515625,803.3504638671875,0.8638375997543335,1,bike_lane
IM_05452.JPG,832,1147.787841796875,587.4388427734375,1235.13525390625,709.150146484375,0.4960683584213257,1,bike_lane
IM_05455.JPG,833,1045.6871337890625,588.3113403320312,1102.01953125,697.8624267578125,0.5562148094177246,1,bike_lane
IM_05456.JPG,834,1547.514404296875,684.6539306640625,1836.3365478515625,1015.1830444335938,0.8586031794548035,1,roadway
IM_05466.JPG,838,900.7560424804688,666.3624877929688,1028.973876953125,911.2979736328125,0.5660702586174011,1,roadway
IM_05466.JPG,838,895.9564819335938,659.8138427734375,1068.278076171875,937.9586181640625,0.3821178078651428,1,roadway
IM_05479.JPG,839,883.92919921875,645.0364990234375,976.707275390625,833.7335205078125,0.5818349719047546,1,roadway
IM_05485.JPG,840,1510.786865234375,608.0880126953125,1679.007080078125,777.02587890625,0.8437851071357727,1,bike_lane
IM_05486.JPG,841,1139.552001953125,591.71923828125,1227.1455078125,688.2350463867188,0.445636510848999,1,bike_lane
IM_05493.JPG,842,1033.96533203125,624.9259643554688,1216.71630859375,880.1621704101562,0.8133132457733154,1,roadway
IM_05497.JPG,843,1701.9129638671875,638.5074462890625,1919.5821533203125,900.4590454101562,0.8048083186149597,1,bike_lane
IM_05498.JPG,844,1032.300048828125,598.507568359375,1140.245849609375,736.2611083984375,0.3133664131164551,1,roadway
IM_05505.JPG,845,786.8578491210938,579.8450317382812,855.6117553710938,676.1436767578125,0.43890872597694397,1,roadway
IM_05506.JPG,846,1257.288818359375,629.1513671875,1342.429931640625,825.6907958984375,0.268924742937088,1,roadway
IM_05507.JPG,847,1473.611572265625,623.2527465820312,1667.3873291015625,805.0482788085938,0.8867111802101135,1,bike_lane
IM_05507.JPG,847,1165.1070556640625,597.757568359375,1296.1029052734375,724.7445068359375,0.46967658400535583,1,bike_lane
IM_05507.JPG,847,1171.856201171875,608.731689453125,1272.2403564453125,718.3955078125,0.2766292691230774,1,bike_lane
IM_05519.JPG,848,1194.2904052734375,616.851318359375,1344.4544677734375,801.537109375,0.7551471590995789,1,roadway
IM_05520.JPG,849,906.8637084960938,612.4594116210938,962.0018920898438,693.8637084960938,0.4064640998840332,1,roadway
IM_05721.JPG,854,1020.0108032226562,591.75732421875,1086.28955078125,666.2312622070312,0.4492168426513672,1,bike_lane
IM_05721.JPG,854,1202.9130859375,633.211181640625,1279.62939453125,748.8502197265625,0.3116038143634796,1,bike_lane
IM_05722.JPG,855,1500.742431640625,640.520263671875,1690.95751953125,809.8231201171875,0.7906894683837891,1,bike_lane
IM_05727.JPG,856,710.3538208007812,600.2100830078125,790.6995849609375,717.1229248046875,0.6178367137908936,1,roadway
IM_05728.JPG,857,1090.876708984375,661.703369140625,1259.555419921875,898.687255859375,0.8362548351287842,1,roadway
IM_05745.JPG,858,682.4185791015625,613.946044921875,725.014404296875,711.3195190429688,0.3160271644592285,1,roadway
IM_05746.JPG,859,614.5902099609375,606.9743041992188,718.4110107421875,744.274658203125,0.6287075877189636,1,roadway
IM_05750.JPG,863,737.1348266601562,586.1757202148438,783.3294067382812,660.7813110351562,0.37365370988845825,1,roadway
IM_05800.JPG,868,1189.876220703125,664.5552978515625,1367.61962890625,927.8448486328125,0.8144011497497559,1,roadway
IM_05800.JPG,868,1012.2275390625,623.060791015625,1095.6943359375,785.4032592773438,0.4739382266998291,1,roadway
IM_05852.JPG,870,895.069580078125,717.697998046875,1124.0626220703125,1019.4863891601562,0.8333120346069336,1,roadway
IM_05873.JPG,871,962.4468383789062,593.1546020507812,1083.01220703125,740.9013061523438,0.726829469203949,1,roadway
IM_05879.JPG,872,1567.56884765625,635.5875854492188,1793.12109375,853.81640625,0.8250918388366699,1,bike_lane
IM_05879.JPG,872,928.1260986328125,585.407470703125,1004.351806640625,672.6321411132812,0.6382513046264648,1,roadway
IM_05879.JPG,872,1251.617431640625,608.0436401367188,1388.0731201171875,751.00341796875,0.5282731652259827,1,bike_lane
IM_05880.JPG,873,1551.955810546875,628.437255859375,1762.3802490234375,830.8518676757812,0.8862626552581787,1,bike_lane
IM_05880.JPG,873,1042.8988037109375,606.5233154296875,1139.573486328125,721.29052734375,0.5993837118148804,1,roadway
IM_05880.JPG,873,962.5900268554688,593.769775390625,1026.664306640625,670.5081787109375,0.5117230415344238,1,roadway
IM_05887.JPG,874,1518.5404052734375,626.020751953125,1694.35107421875,820.8504638671875,0.8233092427253723,1,bike_lane
IM_05890.JPG,875,972.0374755859375,597.5042724609375,1024.0560302734375,668.6889038085938,0.3477955758571625,1,bike_lane
IM_05893.JPG,876,1182.6463623046875,612.2748413085938,1276.842041015625,712.1387329101562,0.6419363617897034,1,bike_lane
IM_05895.JPG,878,879.52734375,601.3912353515625,964.6702880859375,758.2000122070312,0.49935150146484375,1,roadway
IM_05907.JPG,879,1032.7265625,633.5040283203125,1100.25048828125,742.1910400390625,0.3268868029117584,1,roadway
IM_05925.JPG,881,1223.985595703125,662.0895385742188,1404.66796875,926.2877197265625,0.7540143728256226,1,roadway
IM_05931.JPG,882,1002.3623657226562,639.629638671875,1093.735595703125,786.3729248046875,0.35640424489974976,1,roadway
IM_05931.JPG,882,1033.8944091796875,654.065185546875,1094.8927001953125,793.6424560546875,0.2553830146789551,1,roadway
IM_05935.JPG,884,1008.7490844726562,599.9820556640625,1079.495849609375,699.4378051757812,0.39189448952674866,1,roadway
IM_05941.JPG,885,950.6988525390625,591.205078125,1005.912841796875,677.89599609375,0.4758265018463135,1,roadway
IM_05942.JPG,886,1394.166748046875,619.41455078125,1579.3699951171875,793.2025146484375,0.7919873595237732,1,bike_lane
IM_05949.JPG,887,536.32421875,570.0587158203125,583.7154541015625,661.98193359375,0.36799681186676025,1,roadway
IM_05953.JPG,890,1471.503662109375,636.763427734375,1647.93017578125,802.5699462890625,0.9152589440345764,1,bike_lane
IM_05953.JPG,890,1175.596923828125,584.745361328125,1262.2884521484375,712.0419921875,0.4548204243183136,1,bike_lane
IM_05954.JPG,891,1568.7293701171875,652.49658203125,1771.4044189453125,835.034423828125,0.7656720280647278,1,bike_lane
IM_05959.JPG,892,529.9686279296875,572.7803955078125,668.1744384765625,678.0543212890625,0.3908994793891907,1,roadway
IM_05987.JPG,896,868.4150390625,604.87353515625,941.4364013671875,748.130859375,0.6241953372955322,1,roadway
IM_06016.JPG,900,864.5502319335938,625.01416015625,924.1441040039062,773.1707763671875,0.6355829834938049,1,roadway
IM_06028.JPG,901,955.389404296875,676.15478515625,1176.4442138671875,995.9273071289062,0.8788467645645142,1,roadway
IM_06028.JPG,901,803.2282104492188,589.4013061523438,860.143798828125,674.6054077148438,0.656684935092926,1,roadway
IM_06028.JPG,901,1202.4598388671875,607.0074462890625,1340.5986328125,757.2324829101562,0.5932171940803528,1,bike_lane
IM_06039.JPG,902,1437.248046875,633.7708129882812,1628.040283203125,843.9415283203125,0.842255175113678,1,bike_lane
IM_06040.JPG,903,1452.7313232421875,631.6571044921875,1643.2027587890625,785.146728515625,0.9245129227638245,1,bike_lane
IM_06040.JPG,903,1090.478759765625,621.4345703125,1160.75537109375,719.7503662109375,0.7026163339614868,1,roadway
IM_06040.JPG,903,1108.6533203125,628.1395263671875,1161.413330078125,719.9909057617188,0.29023003578186035,1,bike_lane
IM_06055.JPG,904,1151.506591796875,611.1417846679688,1281.005126953125,747.2808837890625,0.7717978358268738,1,roadway
IM_06056.JPG,905,851.5052490234375,576.953857421875,986.354736328125,686.8541259765625,0.6005668044090271,1,roadway
IM_06057.JPG,906,1713.4713134765625,664.0323486328125,1919.8201904296875,969.7071533203125,0.8553664684295654,1,roadway
IM_06057.JPG,906,1248.993896484375,635.705078125,1430.123046875,831.356201171875,0.5316023826599121,1,roadway
IM_06058.JPG,907,1179.2928466796875,620.0414428710938,1267.0870361328125,717.851806640625,0.2918550372123718,1,bike_lane
IM_06058.JPG,907,952.5164794921875,601.5758056640625,1005.7587890625,689.9328002929688,0.25184711813926697,1,roadway
IM_06068.JPG,908,1243.44873046875,634.3232421875,1354.42529296875,835.6774291992188,0.3971940577030182,1,roadway
IM_06077.JPG,909,1319.648193359375,665.8875732421875,1542.06103515625,916.7477416992188,0.7990319132804871,1,roadway
IM_06078.JPG,910,1090.787353515625,617.5821533203125,1165.6591796875,732.6524047851562,0.28903627395629883,1,roadway
IM_06089.JPG,911,996.68603515625,634.8919677734375,1066.781005859375,772.6173095703125,0.38397306203842163,1,roadway
IM_06090.JPG,912,1345.1611328125,716.5992431640625,1628.526123046875,1018.7195434570312,0.9115308523178101,1,roadway
IM_06091.JPG,913,1696.18359375,657.6012573242188,1918.75927734375,873.8763427734375,0.8880714774131775,1,bike_lane
IM_06091.JPG,913,1236.565673828125,617.783447265625,1332.932373046875,725.9664306640625,0.32952508330345154,1,bike_lane
IM_06092.JPG,914,1219.159423828125,627.1685180664062,1331.7872314453125,733.2012939453125,0.5342110395431519,1,bike_lane
IM_06092.JPG,914,992.7354125976562,583.20263671875,1041.257568359375,663.341064453125,0.3109969198703766,1,bike_lane
IM_06092.JPG,914,945.6121215820312,577.7252197265625,1043.6099853515625,663.5784301757812,0.2910764813423157,1,roadway
IM_06099.JPG,915,904.8509521484375,599.8800048828125,974.7628173828125,714.22509765625,0.4798711836338043,1,roadway
IM_06103.JPG,916,1159.7393798828125,587.955810546875,1250.14111328125,706.116455078125,0.5068901181221008,1,bike_lane
IM_06117.JPG,917,1462.39111328125,630.1964721679688,1626.67919921875,832.8358154296875,0.6795551180839539,1,bike_lane
IM_06118.JPG,918,1085.64306640625,607.6307373046875,1155.795654296875,699.311279296875,0.4573168158531189,1,bike_lane
IM_06118.JPG,918,1154.342529296875,629.2220458984375,1229.80322265625,758.22705078125,0.42938193678855896,1,roadway
IM_06118.JPG,918,1084.7564697265625,609.9912109375,1131.72021484375,694.2164306640625,0.26994574069976807,1,bike_lane
IM_06119.JPG,919,708.40625,596.2904663085938,773.4937744140625,757.8411254882812,0.34222647547721863,1,roadway
IM_06119.JPG,919,713.3624267578125,599.54736328125,782.2569580078125,764.3380737304688,0.27419590950012207,1,roadway
IM_06119.JPG,919,705.1657104492188,590.591552734375,772.3741455078125,752.732421875,0.2663460969924927,1,roadway
IM_06120.JPG,920,1006.143798828125,633.7176513671875,1220.4556884765625,922.380126953125,0.8899621367454529,1,roadway
IM_06131.JPG,922,1010.7471313476562,609.6170654296875,1132.63818359375,712.98193359375,0.3849460184574127,1,roadway
IM_06131.JPG,922,1012.98974609375,610.9261474609375,1130.53076171875,714.8780517578125,0.38076141476631165,1,roadway
IM_06131.JPG,922,1010.233154296875,612.8133544921875,1128.285888671875,714.7906494140625,0.34687328338623047,1,roadway
IM_06131.JPG,922,1008.746337890625,612.7354125976562,1141.4736328125,716.763671875,0.34245428442955017,1,roadway
IM_06131.JPG,922,1011.0469970703125,614.6885986328125,1131.97802734375,715.0963134765625,0.33551305532455444,1,roadway
IM_06131.JPG,922,1008.58447265625,608.0853881835938,1143.904541015625,715.9735107421875,0.32208251953125,1,roadway
IM_06131.JPG,922,1014.1492309570312,617.45654296875,1128.11083984375,715.802978515625,0.3217723071575165,1,roadway
IM_06131.JPG,922,1014.318603515625,611.4365844726562,1129.65087890625,715.5362548828125,0.27343112230300903,1,roadway
IM_06137.JPG,923,1461.953857421875,640.3455810546875,1636.628662109375,834.343994140625,0.7934294939041138,1,bike_lane
IM_06138.JPG,924,1129.686767578125,613.33251953125,1200.1629638671875,697.8551025390625,0.578022301197052,1,bike_lane
IM_06138.JPG,924,1127.0169677734375,603.3272094726562,1167.189453125,693.0287475585938,0.28041329979896545,1,bike_lane
IM_06147.JPG,925,993.7271728515625,646.6375732421875,1088.1131591796875,827.1831665039062,0.5902374982833862,1,roadway
IM_06164.JPG,927,882.856201171875,609.3909301757812,988.9896240234375,741.2706298828125,0.5950385332107544,1,roadway
IM_06164.JPG,927,796.5198974609375,604.892578125,856.8818359375,693.2836303710938,0.33173868060112,1,roadway
IM_06176.JPG,928,1332.3387451171875,665.3014526367188,1653.521484375,1020.2442626953125,0.9178532958030701,1,roadway
IM_06176.JPG,928,948.0753173828125,618.5181884765625,1065.4576416015625,808.8333740234375,0.6765583157539368,1,roadway
IM_06188.JPG,929,1795.2161865234375,693.1837158203125,1919.06689453125,996.2587280273438,0.7520332336425781,1,roadway
IM_06188.JPG,929,769.7674560546875,634.2760620117188,843.7933349609375,796.040771484375,0.381801038980484,1,roadway
IM_06188.JPG,929,959.8815307617188,625.7264404296875,1048.193115234375,794.0814208984375,0.3737184405326843,1,roadway
IM_06193.JPG,930,898.4536743164062,608.7907104492188,958.4379272460938,749.7861328125,0.6875725984573364,1,roadway
IM_06193.JPG,930,982.37744140625,631.56787109375,1056.572265625,814.0093994140625,0.381638765335083,1,roadway
IM_06193.JPG,930,979.3895874023438,630.61767578125,1057.567138671875,812.7908935546875,0.28294575214385986,1,roadway
IM_06193.JPG,930,982.097900390625,630.6688232421875,1054.9178466796875,815.3385009765625,0.2754122316837311,1,roadway
IM_06194.JPG,931,1062.9208984375,714.120361328125,1183.916259765625,1022.7127685546875,0.661014199256897,1,roadway
IM_06194.JPG,931,946.3595581054688,585.2089233398438,1009.1358032226562,671.3812866210938,0.6466925144195557,1,roadway
IM_06194.JPG,931,779.547119140625,681.9834594726562,905.24169921875,923.747314453125,0.5345780849456787,1,roadway
IM_06202.JPG,932,1491.632568359375,666.7780151367188,1738.896484375,864.576416015625,0.7075459957122803,1,bike_lane
IM_06203.JPG,933,1213.560302734375,640.787841796875,1498.1243896484375,942.468017578125,0.9034454822540283,1,roadway
IM_06251.JPG,934,1020.5864868164062,576.3063354492188,1090.5794677734375,704.1681518554688,0.2615598142147064,1,roadway
IM_06253.JPG,936,1643.1119384765625,666.2169189453125,1870.2791748046875,858.2847900390625,0.8424358367919922,1,bike_lane
IM_06253.JPG,936,1446.180419921875,675.88916015625,1656.45068359375,934.21142578125,0.8139160871505737,1,roadway
IM_06254.JPG,937,1195.026123046875,608.21044921875,1284.688720703125,725.614013671875,0.5395492911338806,1,bike_lane
IM_06273.JPG,939,969.3385620117188,581.3623046875,1039.932861328125,664.0247802734375,0.6228232383728027,1,bike_lane
IM_06273.JPG,939,1108.474365234375,609.7352294921875,1194.558837890625,706.328369140625,0.3933444917201996,1,bike_lane
IM_06273.JPG,939,944.2738037109375,581.6119995117188,1046.463134765625,668.0130615234375,0.36442115902900696,1,roadway
IM_06277.JPG,941,717.2391357421875,615.5599365234375,766.5369873046875,750.0601806640625,0.28705665469169617,1,roadway
IM_06277.JPG,941,779.93896484375,697.3099975585938,837.4300537109375,792.2823486328125,0.2564617395401001,1,roadway
IM_06278.JPG,942,764.462890625,626.2520751953125,871.17578125,830.3817138671875,0.48314210772514343,1,roadway
IM_06278.JPG,942,980.9617309570312,758.888671875,1106.42431640625,920.199462890625,0.41703495383262634,1,roadway
IM_06281.JPG,944,1193.500244140625,665.262939453125,1392.595947265625,905.0912475585938,0.8199714422225952,1,roadway
IM_06285.JPG,945,1020.978515625,636.9649658203125,1109.4276123046875,800.2607421875,0.7777973413467407,1,roadway
IM_06286.JPG,946,1602.3878173828125,701.7569580078125,1919.1148681640625,1013.2286376953125,0.8540952801704407,1,roadway
IM_06286.JPG,946,1557.33251953125,622.014404296875,1694.328369140625,782.4190063476562,0.3199462592601776,1,bike_lane
IM_06291.JPG,947,971.7454833984375,671.1674194335938,1024.7882080078125,763.2952880859375,0.4149680733680725,1,roadway
IM_06292.JPG,948,1286.14404296875,637.27490234375,1339.0660400390625,728.398193359375,0.3635232746601105,1,bike_lane
IM_06292.JPG,948,1284.0791015625,595.8480224609375,1339.6988525390625,729.595703125,0.27151191234588623,1,bike_lane
IM_06295.JPG,949,1125.2933349609375,617.3526611328125,1207.68310546875,712.9576416015625,0.7263111472129822,1,bike_lane
IM_06316.JPG,952,1142.37109375,617.9666748046875,1281.030517578125,803.361328125,0.7923970818519592,1,roadway
IM_06324.JPG,954,817.1707763671875,619.9506225585938,883.3663330078125,756.0322265625,0.6444945335388184,1,roadway
IM_06324.JPG,954,976.3912353515625,666.4140014648438,1074.2991943359375,838.1171264648438,0.49642303586006165,1,roadway
IM_06327.JPG,955,869.0982055664062,622.6572265625,935.2036743164062,762.3995361328125,0.6476800441741943,1,roadway
IM_06328.JPG,956,1261.5435791015625,708.3272094726562,1554.878173828125,1013.7420043945312,0.8772444725036621,1,roadway
IM_06329.JPG,957,1535.6151123046875,618.9728393554688,1712.38916015625,789.5568237304688,0.8547002077102661,1,bike_lane
IM_06330.JPG,958,1163.5390625,621.9808959960938,1245.4552001953125,712.619384765625,0.6196517944335938,1,bike_lane
IM_06373.JPG,960,852.05859375,614.6837158203125,980.1882934570312,808.311279296875,0.6008289456367493,1,roadway
IM_06374.JPG,961,697.321044921875,566.8446044921875,742.712646484375,674.9691162109375,0.3042398691177368,1,roadway
IM_06375.JPG,962,1524.11376953125,639.4110717773438,1739.68115234375,830.5260009765625,0.7118643522262573,1,bike_lane
IM_06377.JPG,963,1397.697021484375,650.6741943359375,1598.536865234375,838.0812377929688,0.8843773007392883,1,roadway
IM_06378.JPG,964,1008.0238037109375,618.846435546875,1097.2855224609375,708.5996704101562,0.38384154438972473,1,roadway
IM_06379.JPG,965,1479.9703369140625,631.8890380859375,1679.864501953125,838.4137573242188,0.8637292981147766,1,bike_lane
IM_06385.JPG,966,1490.469482421875,669.5482788085938,1691.0,853.43115234375,0.8541824221611023,1,bike_lane
IM_06386.JPG,967,1054.3779296875,623.354736328125,1161.2396240234375,728.5382080078125,0.7352562546730042,1,roadway
IM_06401.JPG,968,1049.3316650390625,619.576171875,1145.9710693359375,735.9823608398438,0.7430249452590942,1,roadway
IM_06402.JPG,969,886.6591186523438,598.6923828125,970.383544921875,697.9964599609375,0.5349781513214111,1,roadway
IM_06403.JPG,970,1017.9619140625,619.033203125,1133.3592529296875,766.4228515625,0.6744540929794312,1,roadway
IM_06405.JPG,971,1447.0361328125,620.590576171875,1647.70849609375,831.0964965820312,0.5193104147911072,1,bike_lane
IM_06406.JPG,972,1603.66552734375,643.7406616210938,1870.675048828125,864.96240234375,0.8602847456932068,1,bike_lane
IM_06406.JPG,972,1097.91357421875,594.3096923828125,1196.6297607421875,712.9059448242188,0.4001670777797699,1,bike_lane
IM_06406.JPG,972,1117.546875,609.542236328125,1199.5198974609375,711.6993408203125,0.2740023732185364,1,bike_lane
IM_06416.JPG,973,756.9783325195312,595.4376831054688,810.2618408203125,710.5723876953125,0.6794523000717163,1,roadway
IM_06416.JPG,973,909.4359741210938,604.9752197265625,964.3826293945312,692.9148559570312,0.28177332878112793,1,roadway
IM_06447.JPG,974,1078.372802734375,647.3208618164062,1209.215576171875,824.2056884765625,0.4996219277381897,1,roadway
IM_06447.JPG,974,1073.724853515625,643.1422119140625,1206.9659423828125,821.7647094726562,0.459706574678421,1,roadway
IM_06447.JPG,974,1083.58740234375,647.3577270507812,1212.875244140625,828.226318359375,0.3763855993747711,1,roadway
IM_06447.JPG,974,1076.8004150390625,647.398193359375,1205.0599365234375,810.8131713867188,0.373037725687027,1,roadway
IM_06447.JPG,974,1086.38720703125,666.170166015625,1205.349853515625,813.972900390625,0.34193605184555054,1,roadway
IM_06447.JPG,974,1077.899169921875,639.53955078125,1204.80126953125,804.9772338867188,0.28333133459091187,1,roadway
IM_06447.JPG,974,1073.2939453125,644.6014404296875,1216.7230224609375,832.95361328125,0.27572503685951233,1,roadway
IM_06447.JPG,974,1077.4344482421875,659.9589233398438,1205.1795654296875,815.9150390625,0.253417432308197,1,roadway
IM_06447.JPG,974,1076.572265625,648.193115234375,1211.772216796875,826.7158203125,0.2531804144382477,1,roadway
IM_06448.JPG,975,755.8917846679688,597.0020141601562,814.5457763671875,687.3016357421875,0.3311452865600586,1,roadway
IM_06448.JPG,975,943.6307373046875,596.785888671875,1008.6119384765625,691.3975830078125,0.2880476117134094,1,roadway
IM_06451.JPG,976,1298.7462158203125,647.5047607421875,1462.3275146484375,805.0728149414062,0.6364131569862366,1,roadway
IM_06457.JPG,977,1049.349609375,696.1361694335938,1257.418212890625,991.06640625,0.8352426290512085,1,roadway
IM_06469.JPG,978,795.3255615234375,626.3231201171875,869.7097778320312,808.354736328125,0.3251780867576599,1,roadway
IM_06469.JPG,978,804.0797119140625,626.879150390625,884.4398193359375,824.019287109375,0.27178966999053955,1,roadway
IM_06481.JPG,980,1425.65087890625,611.3052978515625,1567.220703125,810.5845947265625,0.797764003276825,1,bike_lane
IM_06483.JPG,982,1402.8671875,627.5747680664062,1572.45556640625,804.5526123046875,0.8098297119140625,1,bike_lane
IM_06484.JPG,983,1039.28466796875,607.2081298828125,1113.495849609375,687.15234375,0.39492449164390564,1,bike_lane
IM_06485.JPG,984,1069.321533203125,578.7259521484375,1129.810791015625,691.5445556640625,0.39426857233047485,1,bike_lane
IM_06486.JPG,985,1425.5841064453125,617.208740234375,1582.901123046875,880.1625366210938,0.8609423637390137,1,roadway
IM_06508.JPG,990,951.7077026367188,621.7296752929688,1027.45849609375,784.9063110351562,0.3589709997177124,1,roadway
IM_06510.JPG,991,912.35009765625,598.3304443359375,965.5358276367188,688.8758544921875,0.34723377227783203,1,roadway
IM_06519.JPG,992,802.7169799804688,608.474609375,851.3812866210938,703.26318359375,0.3031778633594513,1,roadway
IM_06537.JPG,993,1381.0302734375,621.7820434570312,1495.01171875,755.40234375,0.5182778835296631,1,bike_lane
IM_06546.JPG,994,1166.551025390625,581.62744140625,1256.224365234375,692.0780029296875,0.2916029989719391,1,bike_lane
IM_06547.JPG,995,1608.214599609375,626.18359375,1840.0052490234375,792.9495849609375,0.86334627866745,1,bike_lane
IM_06547.JPG,995,1161.059814453125,589.2313232421875,1248.8743896484375,690.1590576171875,0.5177666544914246,1,bike_lane
IM_06548.JPG,996,1214.5159912109375,602.931884765625,1399.7635498046875,760.9559326171875,0.7835249304771423,1,bike_lane
IM_06548.JPG,996,1149.956298828125,582.8374633789062,1273.465087890625,687.3038330078125,0.4265340566635132,1,bike_lane
IM_06554.JPG,999,1121.2509765625,693.0779418945312,1371.836181640625,985.53076171875,0.899156928062439,1,roadway
IM_06559.JPG,1000,1101.109375,610.9890747070312,1235.796630859375,776.1443481445312,0.6845670342445374,1,roadway
IM_06561.JPG,1001,1478.5504150390625,613.780029296875,1717.91015625,825.8349609375,0.8835604786872864,1,bike_lane
IM_06562.JPG,1002,1122.25732421875,601.6724853515625,1208.0810546875,722.567138671875,0.531523585319519,1,bike_lane
IM_06579.JPG,1005,1076.35693359375,613.6669921875,1165.7772216796875,711.8915405273438,0.4322908818721771,1,bike_lane
IM_06581.JPG,1006,1073.861083984375,593.91650390625,1164.5693359375,742.5697631835938,0.38961073756217957,1,roadway
IM_06595.JPG,1007,757.59912109375,614.296875,844.1456909179688,765.3389282226562,0.6222869753837585,1,roadway
IM_06595.JPG,1007,985.8718872070312,613.0171508789062,1087.4271240234375,772.7947998046875,0.5561526417732239,1,roadway
IM_06596.JPG,1008,1170.38134765625,739.9436645507812,1448.35205078125,1024.0185546875,0.8956071138381958,1,roadway
IM_06596.JPG,1008,1569.4500732421875,696.9210205078125,1918.4571533203125,1022.67919921875,0.8917360901832581,1,roadway
IM_06602.JPG,1009,1326.100341796875,677.1004028320312,1488.5452880859375,886.308837890625,0.8015351295471191,1,roadway
IM_06603.JPG,1010,1344.0545654296875,665.7340087890625,1456.512451171875,784.7181396484375,0.654188871383667,1,bike_lane
IM_06607.JPG,1012,1144.14453125,610.0186767578125,1237.581787109375,743.7647705078125,0.46528756618499756,1,roadway
IM_06611.JPG,1013,943.6188354492188,770.136474609375,1222.3568115234375,1026.169189453125,0.7603886723518372,1,roadway
IM_06634.JPG,1014,1219.0799560546875,598.0126953125,1370.136474609375,767.3934326171875,0.5933851599693298,1,bike_lane
IM_06637.JPG,1015,1065.560302734375,609.3597412109375,1122.36572265625,712.5009765625,0.3859998881816864,1,roadway
IM_06654.JPG,1017,1631.66064453125,613.1101684570312,1883.65087890625,848.5512084960938,0.6656750440597534,1,bike_lane
IM_06654.JPG,1017,915.8849487304688,638.7145385742188,1005.1159057617188,778.010009765625,0.5658800601959229,1,roadway
IM_06654.JPG,1017,930.6690673828125,664.1187744140625,1004.826416015625,783.3213500976562,0.3855572044849396,1,roadway
IM_06655.JPG,1018,765.7864990234375,577.8001708984375,805.8778076171875,663.3502197265625,0.5083252787590027,1,roadway
IM_06655.JPG,1018,934.705810546875,635.884765625,980.5228271484375,784.807373046875,0.3055884540081024,1,roadway
IM_06655.JPG,1018,933.1246948242188,626.102294921875,981.8325805664062,784.7254638671875,0.2781122028827667,1,roadway
IM_06655.JPG,1018,929.1383056640625,627.283935546875,980.240478515625,784.5784912109375,0.26850250363349915,1,roadway
IM_06656.JPG,1019,1033.207275390625,609.9844970703125,1149.557861328125,784.9896240234375,0.6263054609298706,1,roadway
IM_06656.JPG,1019,1031.618408203125,616.518798828125,1113.2296142578125,771.8856201171875,0.300218790769577,1,roadway
IM_06659.JPG,1020,1592.9923095703125,682.4495239257812,1854.113525390625,907.6146240234375,0.7295297384262085,1,bike_lane
IM_06664.JPG,1022,708.8535766601562,595.40234375,759.5953369140625,711.2738037109375,0.3647300601005554,1,roadway
IM_06665.JPG,1023,1369.1744384765625,656.368408203125,1600.548828125,840.26416015625,0.8553243279457092,1,roadway
IM_06665.JPG,1023,1654.0638427734375,650.9239501953125,1853.0291748046875,822.3428955078125,0.765988290309906,1,bike_lane
IM_06666.JPG,1024,1189.773193359375,603.1563720703125,1294.1806640625,710.1824340820312,0.5841831564903259,1,bike_lane
IM_06666.JPG,1024,1004.7332763671875,618.427490234375,1085.675048828125,716.1504516601562,0.5613381266593933,1,roadway
IM_06679.JPG,1028,1001.908447265625,588.7164306640625,1058.703369140625,706.07080078125,0.43961551785469055,1,roadway
IM_06703.JPG,1030,1509.2593994140625,652.0555419921875,1756.1396484375,868.5767822265625,0.8572300672531128,1,bike_lane
IM_06704.JPG,1031,1084.3140869140625,623.4541625976562,1232.70751953125,785.384521484375,0.6675381064414978,1,roadway
IM_06705.JPG,1032,1017.6778564453125,626.9456176757812,1107.16162109375,762.2801513671875,0.5180025696754456,1,roadway
IM_06705.JPG,1032,1047.189453125,626.7134399414062,1111.98974609375,772.677978515625,0.3953320384025574,1,roadway
IM_06706.JPG,1033,1058.9609375,653.7361450195312,1218.8924560546875,883.99072265625,0.868148922920227,1,roadway
IM_06706.JPG,1033,741.5637817382812,541.057373046875,788.4144287109375,658.4920654296875,0.3956986963748932,1,roadway
IM_06707.JPG,1034,878.7090454101562,630.9224853515625,979.7303466796875,814.2513427734375,0.46737825870513916,1,roadway
IM_06709.JPG,1036,949.233154296875,613.5257568359375,1042.3814697265625,802.470947265625,0.5852673649787903,1,roadway
IM_06709.JPG,1036,951.1702880859375,628.9677734375,1032.9151611328125,776.4957275390625,0.2577674388885498,1,roadway
IM_06713.JPG,1037,893.2106323242188,630.9639892578125,975.5062866210938,788.8602294921875,0.48411279916763306,1,roadway
IM_06719.JPG,1038,1296.435791015625,600.275146484375,1438.3179931640625,767.6336669921875,0.8128390312194824,1,bike_lane
IM_06731.JPG,1039,879.5806274414062,608.9382934570312,942.8966674804688,722.4202880859375,0.6842716336250305,1,roadway
IM_06731.JPG,1039,795.8646240234375,627.849609375,871.1493530273438,779.4703369140625,0.4912864565849304,1,roadway
IM_06731.JPG,1039,809.0799560546875,641.8357543945312,867.597412109375,777.8245239257812,0.31896018981933594,1,roadway
IM_06751.JPG,1040,1417.0615234375,641.822998046875,1587.385986328125,810.7979736328125,0.8834441900253296,1,bike_lane
IM_06765.JPG,1042,917.0115966796875,610.642578125,1063.228515625,714.3616943359375,0.776739239692688,1,roadway
IM_06778.JPG,1043,924.0745239257812,619.9415283203125,1012.1984252929688,780.9659423828125,0.3259543478488922,1,roadway
IM_06779.JPG,1044,1331.8643798828125,655.192626953125,1527.018798828125,889.2119140625,0.8861253261566162,1,roadway
IM_06808.JPG,1046,1231.9857177734375,636.21337890625,1454.9207763671875,890.1158447265625,0.8640588521957397,1,roadway
IM_06813.JPG,1047,1068.20068359375,616.8905639648438,1159.8519287109375,727.5823974609375,0.630200982093811,1,roadway
IM_06819.JPG,1048,1457.5625,632.349365234375,1692.306640625,901.299560546875,0.8394442796707153,1,roadway
IM_06842.JPG,1049,887.8780517578125,622.0499267578125,961.4644775390625,764.3603515625,0.31938686966896057,1,roadway
IM_06845.JPG,1050,770.7760620117188,601.6652221679688,828.7472534179688,702.7491455078125,0.4873712658882141,1,roadway
IM_06845.JPG,1050,996.5350341796875,608.2939453125,1048.3780517578125,703.8873291015625,0.3087700307369232,1,roadway
IM_06846.JPG,1051,1326.9697265625,652.7616577148438,1519.532958984375,816.113525390625,0.8549379706382751,1,roadway
IM_06846.JPG,1051,1040.46484375,641.7603759765625,1191.056396484375,823.9727783203125,0.7257234454154968,1,roadway
IM_06847.JPG,1052,1328.0731201171875,621.5897827148438,1502.1690673828125,782.1414184570312,0.6124969124794006,1,bike_lane
IM_06855.JPG,1054,1187.694091796875,617.5975341796875,1293.314697265625,801.7142944335938,0.7395148277282715,1,roadway
IM_06856.JPG,1055,1282.184814453125,630.7943115234375,1435.3875732421875,834.3907470703125,0.7503182888031006,1,roadway
IM_06869.JPG,1056,1114.4014892578125,662.1961669921875,1335.235107421875,962.23681640625,0.9123697876930237,1,roadway
IM_06870.JPG,1057,907.4981689453125,617.477294921875,953.8778686523438,729.66845703125,0.329541951417923,1,roadway
IM_06870.JPG,1057,1080.167236328125,666.8958740234375,1143.934814453125,828.794921875,0.3290381133556366,1,roadway
IM_06875.JPG,1058,1566.8397216796875,628.1778564453125,1740.4130859375,820.53271484375,0.8813046216964722,1,bike_lane
IM_06875.JPG,1058,804.7249755859375,584.2454223632812,925.6810302734375,756.01025390625,0.6362685561180115,1,roadway
IM_06875.JPG,1058,581.7603759765625,591.3087158203125,639.8890380859375,692.8617553710938,0.5360925793647766,1,roadway
IM_06876.JPG,1059,1113.859130859375,623.6573486328125,1278.6793212890625,940.4126586914062,0.6814165115356445,1,roadway
IM_06876.JPG,1059,748.0419921875,611.292724609375,848.0960693359375,771.91650390625,0.47013312578201294,1,roadway
IM_06881.JPG,1060,1102.050537109375,674.7045288085938,1291.873046875,885.9620361328125,0.7940121293067932,1,roadway
IM_06881.JPG,1060,830.7405395507812,648.8590087890625,939.7904663085938,803.5615234375,0.5181261897087097,1,roadway
IM_06883.JPG,1062,913.2233276367188,640.8279418945312,995.0729370117188,795.2689819335938,0.40710803866386414,1,roadway
IM_06901.JPG,1063,1583.035400390625,633.3167724609375,1712.625,820.406982421875,0.3201780915260315,1,bike_lane
IM_06906.JPG,1065,1319.9044189453125,625.3736572265625,1462.9969482421875,770.1971435546875,0.4429031014442444,1,bike_lane
IM_06916.JPG,1066,1354.774169921875,679.0137939453125,1533.2353515625,884.0081787109375,0.844836950302124,1,roadway
IM_06916.JPG,1066,1737.2991943359375,688.22314453125,1919.5748291015625,1003.81201171875,0.5722951889038086,1,roadway
IM_06927.JPG,1067,928.5419311523438,751.1553955078125,1142.49853515625,1025.8701171875,0.8424475789070129,1,roadway
IM_06929.JPG,1068,731.3377075195312,616.2694702148438,813.9283447265625,765.273681640625,0.4439848065376282,1,roadway
IM_06971.JPG,1070,1435.97412109375,621.78662109375,1623.3760986328125,838.2322998046875,0.8230171203613281,1,bike_lane
IM_06971.JPG,1070,1774.49560546875,673.3432006835938,1919.14013671875,925.87646484375,0.7314702868461609,1,bike_lane
IM_06972.JPG,1071,1033.21875,612.3355712890625,1111.2213134765625,702.5632934570312,0.6574234962463379,1,roadway
IM_06972.JPG,1071,1150.226806640625,616.08740234375,1266.643798828125,759.6209106445312,0.6006617546081543,1,roadway
IM_06981.JPG,1072,1445.0423583984375,641.3869018554688,1632.61376953125,848.88134765625,0.8152839541435242,1,bike_lane
IM_06984.JPG,1073,1619.6751708984375,758.9300537109375,1919.558349609375,1024.824462890625,0.892393171787262,1,roadway
IM_06996.JPG,1076,892.5030517578125,654.5081787109375,983.0374755859375,847.3013916015625,0.4809078872203827,1,roadway
IM_06996.JPG,1076,687.2129516601562,596.87744140625,747.5098876953125,742.9906005859375,0.4049513638019562,1,roadway
IM_06996.JPG,1076,898.9773559570312,662.3648071289062,968.5903930664062,834.2442626953125,0.30319055914878845,1,roadway
IM_07007.JPG,1077,881.0928955078125,670.040283203125,972.7100830078125,824.08544921875,0.4961002767086029,1,roadway
IM_07011.JPG,1078,964.26025390625,586.890625,1021.0157470703125,658.8232421875,0.2684665620326996,1,bike_lane
IM_07011.JPG,1078,970.1083374023438,591.7199096679688,1021.279541015625,661.38525390625,0.2647571265697479,1,bike_lane
IM_07021.JPG,1079,968.868896484375,623.35009765625,1074.6573486328125,794.29345703125,0.6316553354263306,1,roadway
IM_07038.JPG,1082,834.9439086914062,626.1982421875,902.6339721679688,759.59130859375,0.47710809111595154,1,roadway
IM_07073.JPG,1083,1237.853759765625,630.2905883789062,1420.2293701171875,827.5751953125,0.9104123115539551,1,roadway
IM_07074.JPG,1084,799.0751953125,590.6776123046875,846.5943603515625,675.14013671875,0.4415791630744934,1,roadway
IM_07081.JPG,1085,1144.8587646484375,601.5697631835938,1279.4610595703125,809.764892578125,0.6834725141525269,1,roadway
IM_07081.JPG,1085,1186.82275390625,625.6937255859375,1273.9447021484375,806.8438110351562,0.32695311307907104,1,roadway
IM_07082.JPG,1086,1441.9874267578125,632.5565185546875,1603.3927001953125,803.6705322265625,0.712044894695282,1,bike_lane
IM_07082.JPG,1086,948.6952514648438,584.925537109375,990.4363403320312,690.0220947265625,0.3132336735725403,1,roadway
IM_07101.JPG,1089,1264.09716796875,613.7858276367188,1412.2540283203125,801.2265625,0.6452724933624268,1,roadway
IM_07103.JPG,1091,1044.29150390625,654.0398559570312,1185.1611328125,912.2471923828125,0.6758322715759277,1,roadway
IM_07105.JPG,1092,1479.6717529296875,618.8666381835938,1668.673828125,851.1465454101562,0.8764384388923645,1,bike_lane
IM_07107.JPG,1093,1021.3826293945312,601.6746826171875,1108.178955078125,725.376708984375,0.693871796131134,1,roadway
IM_07120.JPG,1095,1089.0712890625,621.337158203125,1240.23681640625,802.0390625,0.8588211536407471,1,roadway
IM_07125.JPG,1096,850.7964477539062,636.0902099609375,1037.336669921875,984.0119018554688,0.35276857018470764,1,roadway
IM_07129.JPG,1097,1424.3099365234375,715.658447265625,1706.53125,1018.0065307617188,0.8091393113136292,1,roadway
IM_07130.JPG,1098,900.9574584960938,650.2640380859375,957.0532836914062,759.424560546875,0.3233867585659027,1,roadway
IM_07134.JPG,1099,1731.68701171875,654.669677734375,1918.93505859375,869.6138305664062,0.840542197227478,1,bike_lane
IM_07143.JPG,1100,1504.13037109375,678.2155151367188,1710.338623046875,923.521728515625,0.8351228833198547,1,roadway
IM_07144.JPG,1101,1551.2193603515625,642.8468627929688,1712.572265625,837.3880004882812,0.7972162961959839,1,bike_lane
IM_07144.JPG,1101,1183.3623046875,635.0604858398438,1340.7001953125,792.242431640625,0.7151093482971191,1,roadway
IM_07149.JPG,1102,1034.148193359375,625.97314453125,1151.717529296875,851.7940063476562,0.684596061706543,1,roadway
IM_07149.JPG,1102,704.0667114257812,622.8017578125,783.2990112304688,779.1312255859375,0.5936906933784485,1,roadway
IM_07149.JPG,1102,878.7432861328125,580.958251953125,921.7531127929688,659.503173828125,0.4168986678123474,1,roadway
IM_07151.JPG,1104,929.2823486328125,673.415771484375,1024.7620849609375,865.5941162109375,0.46493595838546753,1,roadway
IM_07153.JPG,1105,903.6859130859375,631.7528076171875,978.8933715820312,788.5336303710938,0.5212172269821167,1,roadway
IM_07161.JPG,1106,870.7483520507812,597.2646484375,985.7378540039062,832.5935668945312,0.3891032636165619,1,roadway
IM_07165.JPG,1107,1093.667724609375,677.09521484375,1154.0086669921875,829.2841796875,0.5219670534133911,1,roadway
IM_07165.JPG,1107,1083.832275390625,633.85205078125,1156.6834716796875,830.2479248046875,0.283517450094223,1,roadway
IM_07166.JPG,1108,863.50341796875,576.4544677734375,907.20703125,671.0388793945312,0.4196971654891968,1,roadway
IM_07181.JPG,1109,1418.941650390625,676.3583984375,1587.958251953125,882.7542724609375,0.6683931946754456,1,roadway
IM_07187.JPG,1110,995.5574340820312,618.954345703125,1136.7279052734375,813.0349731445312,0.8109562993049622,1,roadway
IM_07187.JPG,1110,778.8897705078125,590.633544921875,844.1844482421875,680.9400024414062,0.27033063769340515,1,roadway
IM_07192.JPG,1111,1490.251220703125,681.2310180664062,1909.3319091796875,1024.077392578125,0.6609400510787964,1,roadway
IM_07200.JPG,1112,1776.2816162109375,640.4471435546875,1919.5220947265625,854.0675048828125,0.6083523035049438,1,bike_lane
IM_07201.JPG,1113,1105.57861328125,621.5062866210938,1202.803466796875,763.8299560546875,0.3857235014438629,1,roadway
IM_07203.JPG,1114,1402.365234375,646.295654296875,1595.2247314453125,835.16748046875,0.8869273066520691,1,bike_lane
IM_07204.JPG,1115,1616.259033203125,663.3041381835938,1856.462646484375,870.2999267578125,0.8811171650886536,1,bike_lane
IM_07204.JPG,1115,1006.036376953125,593.729248046875,1076.318115234375,697.632568359375,0.5175582766532898,1,roadway
IM_07213.JPG,1116,960.3895263671875,622.007568359375,1069.4017333984375,831.294921875,0.5386386513710022,1,roadway
IM_07217.JPG,1117,1214.90185546875,690.9190063476562,1444.51171875,927.4495239257812,0.8082471489906311,1,roadway
IM_07218.JPG,1118,867.582275390625,613.9017333984375,973.5371704101562,728.23681640625,0.8394839763641357,1,roadway
IM_07221.JPG,1120,1211.584228515625,680.4365234375,1411.38623046875,898.1849365234375,0.7787880301475525,1,roadway
IM_07250.JPG,1121,1747.8922119140625,636.7416381835938,1919.0848388671875,851.5162353515625,0.7563213109970093,1,bike_lane
IM_07250.JPG,1121,1147.6234130859375,619.5968627929688,1227.186767578125,711.226318359375,0.5676859617233276,1,bike_lane
IM_07254.JPG,1122,1233.2119140625,589.85595703125,1443.431884765625,774.3968505859375,0.5580129623413086,1,roadway
IM_07255.JPG,1123,1067.0048828125,698.99169921875,1332.5235595703125,1019.4135131835938,0.8153506517410278,1,roadway
IM_07273.JPG,1124,1431.458984375,634.522216796875,1645.3818359375,909.69775390625,0.795342206954956,1,roadway
IM_07274.JPG,1125,1087.869384765625,613.36376953125,1201.037353515625,743.7859497070312,0.44908827543258667,1,roadway
IM_07280.JPG,1126,1388.4921875,625.7693481445312,1557.748779296875,815.048583984375,0.807306706905365,1,bike_lane
IM_07299.JPG,1127,1176.224609375,583.147705078125,1297.537841796875,742.589111328125,0.6539226770401001,1,bike_lane
IM_07300.JPG,1128,1655.318115234375,638.5628662109375,1886.1815185546875,876.1766967773438,0.8846314549446106,1,bike_lane
IM_07302.JPG,1129,942.7380981445312,630.5867919921875,1104.6025390625,809.09375,0.8611949682235718,1,roadway
IM_07302.JPG,1129,1483.140869140625,727.9756469726562,1687.7142333984375,1024.7230224609375,0.4456273019313812,1,roadway
IM_07307.JPG,1130,1041.67333984375,637.465087890625,1171.8505859375,883.8623657226562,0.4167018234729767,1,roadway
IM_07320.JPG,1131,549.92919921875,594.156982421875,663.769287109375,693.943115234375,0.2504645884037018,1,roadway
IM_07370.JPG,1132,1284.5401611328125,676.9556274414062,1514.211669921875,1016.5316162109375,0.8749951124191284,1,roadway
IM_07370.JPG,1132,1083.8909912109375,630.3975219726562,1181.0474853515625,775.8541259765625,0.6503347158432007,1,roadway
IM_07374.JPG,1133,1108.580810546875,635.8385620117188,1238.764404296875,857.34375,0.7308246493339539,1,roadway
IM_07405.JPG,1134,890.78369140625,620.1324462890625,1001.3153076171875,808.6067504882812,0.3437318503856659,1,roadway
IM_07405.JPG,1134,933.7047729492188,621.6436157226562,1003.4196166992188,815.7257080078125,0.28322136402130127,1,roadway
IM_07405.JPG,1134,889.3892822265625,627.7481689453125,956.43115234375,783.7205200195312,0.26107218861579895,1,roadway
IM_07405.JPG,1134,922.3914184570312,620.9236450195312,1001.1311645507812,817.3553466796875,0.2596886456012726,1,roadway
IM_07408.JPG,1135,1297.4169921875,629.5614624023438,1450.32470703125,766.801025390625,0.725794792175293,1,bike_lane
IM_07408.JPG,1135,1442.69287109375,675.134765625,1576.982177734375,850.0198974609375,0.4067400395870209,1,bike_lane
IM_07408.JPG,1135,1443.7467041015625,676.3699340820312,1546.38720703125,834.914794921875,0.38833826780319214,1,bike_lane
IM_07428.JPG,1136,1057.362548828125,588.4656982421875,1140.998779296875,696.0625,0.45148736238479614,1,bike_lane
IM_07441.JPG,1137,971.0121459960938,683.0165405273438,1168.76318359375,956.5814208984375,0.8571609258651733,1,roadway
IM_07441.JPG,1137,806.2188720703125,628.9498901367188,868.6798095703125,755.9493408203125,0.6820850372314453,1,roadway
IM_07441.JPG,1137,825.0265502929688,629.5001220703125,876.1953735351562,760.0821533203125,0.3002370297908783,1,roadway
IM_07481.JPG,1138,1295.0396728515625,642.52685546875,1431.5772705078125,786.1730346679688,0.8040732145309448,1,bike_lane
IM_07493.JPG,1140,1013.0795288085938,626.9215087890625,1111.25,726.707275390625,0.8233600854873657,1,roadway
IM_07493.JPG,1140,902.8218383789062,598.885498046875,954.1133422851562,677.1611328125,0.3635193407535553,1,roadway
IM_07517.JPG,1142,1656.246826171875,684.2109375,1865.704833984375,839.28515625,0.8419524431228638,1,bike_lane
IM_07517.JPG,1142,694.994384765625,632.2606201171875,751.642822265625,743.5762939453125,0.4941551685333252,1,roadway
IM_07518.JPG,1143,1583.479736328125,666.5390625,1827.0244140625,860.9254760742188,0.6784405708312988,1,bike_lane
IM_07518.JPG,1143,987.2550659179688,712.0811767578125,1116.947509765625,957.0711669921875,0.49804455041885376,1,roadway
IM_07518.JPG,1143,824.4639892578125,627.383056640625,967.0511474609375,761.0882568359375,0.3010362684726715,1,roadway
IM_07518.JPG,1143,954.8596801757812,693.1649169921875,1070.2978515625,898.792724609375,0.2734082043170929,1,roadway
IM_07545.JPG,1144,1011.0188598632812,669.5187377929688,1103.06884765625,829.844970703125,0.4594257175922394,1,roadway
IM_07545.JPG,1144,1555.08349609375,906.2550659179688,1815.4990234375,1026.133056640625,0.2530387043952942,1,roadway
IM_07605.JPG,1145,1477.4205322265625,637.4423828125,1691.91650390625,844.750732421875,0.8562867641448975,1,bike_lane
IM_07606.JPG,1146,1042.949951171875,597.7852783203125,1131.8515625,723.7726440429688,0.3904654085636139,1,roadway
IM_07606.JPG,1146,1082.1507568359375,610.49755859375,1132.773681640625,724.8781127929688,0.320584237575531,1,roadway
IM_07622.JPG,1147,1448.166259765625,648.1671752929688,1675.94482421875,857.3014526367188,0.7888797521591187,1,bike_lane
IM_07631.JPG,1148,932.4340209960938,647.7220458984375,1096.920166015625,929.0919799804688,0.5426928997039795,1,roadway
IM_07638.JPG,1149,756.8544921875,637.9500732421875,886.9512939453125,788.67626953125,0.5524802803993225,1,roadway
IM_07655.JPG,1150,916.6320190429688,636.861328125,991.4840698242188,792.3856201171875,0.4595666527748108,1,roadway
IM_07659.JPG,1151,816.497314453125,596.6236572265625,862.00341796875,687.7996826171875,0.4756307303905487,1,roadway
IM_07660.JPG,1152,1258.8095703125,656.9129638671875,1478.6544189453125,922.1829833984375,0.9116353988647461,1,roadway
IM_07661.JPG,1153,1113.8466796875,699.4125366210938,1305.6881103515625,991.688232421875,0.7538666129112244,1,roadway
IM_07661.JPG,1153,1059.1029052734375,582.677001953125,1110.996826171875,673.5972900390625,0.2892032563686371,1,bike_lane
IM_07697.JPG,1154,1650.1878662109375,641.3025512695312,1874.53125,829.6201171875,0.856724739074707,1,bike_lane
IM_07698.JPG,1155,1438.359375,620.5098876953125,1612.8321533203125,795.4298095703125,0.846558153629303,1,bike_lane
IM_07698.JPG,1155,1249.8482666015625,623.9840087890625,1395.4595947265625,841.960205078125,0.32830604910850525,1,roadway
IM_07721.JPG,1156,1108.0565185546875,608.04296875,1222.7252197265625,735.9571533203125,0.4384622871875763,1,roadway
IM_07733.JPG,1158,722.6887817382812,568.8313598632812,766.3404541015625,676.0753173828125,0.2816270589828491,1,roadway
IM_07733.JPG,1158,888.3814086914062,637.5235595703125,967.4793090820312,786.828857421875,0.27716851234436035,1,roadway
IM_07733.JPG,1158,889.74365234375,640.734375,969.1953125,790.7272338867188,0.2636677026748657,1,roadway
IM_07734.JPG,1159,858.1605834960938,623.9522705078125,928.6144409179688,794.4424438476562,0.5413205027580261,1,roadway
IM_07734.JPG,1159,861.1697998046875,651.7171630859375,915.288330078125,791.853271484375,0.28864526748657227,1,roadway
IM_07734.JPG,1159,854.800048828125,621.093505859375,918.9730224609375,765.5123291015625,0.25986507534980774,1,roadway
IM_07753.JPG,1160,765.8329467773438,634.9682006835938,891.1629638671875,784.839111328125,0.5353745818138123,1,roadway
IM_07753.JPG,1160,625.86376953125,611.0970458984375,674.9541015625,716.642822265625,0.43816056847572327,1,roadway
IM_07753.JPG,1160,1026.2197265625,625.30517578125,1133.0797119140625,754.81201171875,0.310356467962265,1,roadway
IM_07753.JPG,1160,1054.7471923828125,636.4385986328125,1133.741455078125,763.5804443359375,0.2535518705844879,1,roadway
IM_07754.JPG,1161,992.8742065429688,656.2503662109375,1238.181640625,992.6936645507812,0.769027054309845,1,roadway
IM_07754.JPG,1161,829.0482177734375,644.8646240234375,969.7176513671875,819.8619384765625,0.6257481575012207,1,roadway
IM_07755.JPG,1162,1118.368408203125,615.95361328125,1244.44140625,781.4908447265625,0.6278482675552368,1,roadway
IM_07763.JPG,1163,846.1854248046875,619.9544677734375,973.7894287109375,749.9842529296875,0.3038877248764038,1,roadway
IM_07779.JPG,1164,739.5155639648438,652.255126953125,882.3623657226562,887.1102905273438,0.6776942014694214,1,roadway
IM_07780.JPG,1165,1223.4296875,712.802001953125,1498.512939453125,985.6221313476562,0.8279561400413513,1,roadway
IM_07783.JPG,1166,1353.3299560546875,621.384521484375,1516.196044921875,812.6793823242188,0.4445449709892273,1,bike_lane
IM_07822.JPG,1167,865.287109375,629.9132080078125,946.502685546875,797.6185302734375,0.47769787907600403,1,roadway
IM_07827.JPG,1168,1165.29296875,609.758544921875,1252.54931640625,732.2232666015625,0.7556732892990112,1,bike_lane
IM_07828.JPG,1169,920.99072265625,585.9832763671875,968.4677734375,658.7905883789062,0.3553776443004608,1,roadway
IM_07829.JPG,1170,1381.2431640625,657.7380981445312,1621.434326171875,1008.5623168945312,0.8588057160377502,1,roadway
IM_07956.JPG,1172,879.4638061523438,630.396240234375,975.6758422851562,772.3568115234375,0.48444750905036926,1,roadway
IM_07956.JPG,1172,875.4022216796875,637.5122680664062,929.1497802734375,752.292236328125,0.3249301612377167,1,roadway
IM_07956.JPG,1172,911.820556640625,639.7900390625,977.0665283203125,776.181396484375,0.2866208553314209,1,roadway
IM_08010.JPG,1174,1358.623046875,610.7118530273438,1516.748779296875,798.6963500976562,0.5600423812866211,1,bike_lane
IM_08036.JPG,1179,1724.0498046875,694.3018798828125,1919.209228515625,970.1605224609375,0.6832517385482788,1,roadway
IM_08037.JPG,1180,1091.986572265625,652.7964477539062,1219.66357421875,777.8417358398438,0.7319924235343933,1,roadway
IM_08047.JPG,1181,1603.238525390625,760.8092651367188,1918.7508544921875,1025.87060546875,0.84592205286026,1,roadway
IM_08047.JPG,1181,1139.5257568359375,636.1087036132812,1293.012451171875,837.11279296875,0.37371665239334106,1,roadway
IM_08048.JPG,1182,1207.5087890625,693.4293823242188,1434.4295654296875,958.0748291015625,0.6947075128555298,1,roadway
IM_08048.JPG,1182,1397.84228515625,671.8137817382812,1520.8470458984375,895.50439453125,0.4471488296985626,1,roadway
IM_08057.JPG,1183,949.1806640625,687.6835327148438,1112.98193359375,878.0597534179688,0.8026794791221619,1,roadway
IM_08059.JPG,1184,1682.877197265625,668.7640991210938,1919.458251953125,982.7911376953125,0.8945285677909851,1,roadway
IM_08064.JPG,1185,1344.880615234375,655.5636596679688,1547.807373046875,839.8304443359375,0.8670932650566101,1,roadway
IM_08067.JPG,1186,1550.874755859375,636.4420166015625,1902.492919921875,897.8615112304688,0.9049359560012817,1,roadway
IM_08124.JPG,1187,1151.5096435546875,661.7626953125,1287.702392578125,899.8760986328125,0.664850652217865,1,roadway
IM_08136.JPG,1188,1430.320068359375,651.0186157226562,1610.25537109375,888.301025390625,0.6225789785385132,1,roadway
IM_08160.JPG,1191,906.8245239257812,654.7120361328125,1001.6508178710938,847.3955078125,0.5457056760787964,1,roadway
IM_08210.JPG,1192,1084.915283203125,681.3239135742188,1216.625244140625,915.2671508789062,0.5891006588935852,1,roadway
IM_08210.JPG,1192,1216.312255859375,665.4490356445312,1315.2119140625,767.677978515625,0.4117083251476288,1,roadway
IM_08229.JPG,1194,1309.26953125,670.0242919921875,1538.278076171875,899.4926147460938,0.8614451289176941,1,roadway
IM_08241.JPG,1195,894.1773681640625,676.6986083984375,945.0726318359375,763.7906494140625,0.25664544105529785,1,roadway
IM_08242.JPG,1196,1084.97998046875,674.252685546875,1288.127685546875,912.4364013671875,0.8433864712715149,1,roadway
IM_08242.JPG,1196,906.8278198242188,642.11865234375,993.6721801757812,782.9620971679688,0.6814565062522888,1,roadway
IM_08242.JPG,1196,1474.57373046875,664.309326171875,1629.1212158203125,905.163818359375,0.5518152117729187,1,roadway
IM_08249.JPG,1197,1235.5345458984375,655.3037719726562,1464.702392578125,945.2537841796875,0.9276732802391052,1,roadway
IM_08260.JPG,1198,1270.06787109375,613.09228515625,1417.3282470703125,810.34912109375,0.2510029673576355,1,roadway
IM_08277.JPG,1199,1232.857177734375,629.9853515625,1396.11328125,857.2236328125,0.7488568425178528,1,roadway
IM_08281.JPG,1200,1416.476806640625,638.7715454101562,1597.852294921875,849.434326171875,0.8917617201805115,1,roadway
IM_08282.JPG,1201,1055.8916015625,600.5048828125,1125.720947265625,701.20947265625,0.6293478012084961,1,bike_lane
IM_08295.JPG,1202,903.4348754882812,654.1724853515625,1116.431884765625,898.6572875976562,0.9241711497306824,1,roadway
IM_08303.JPG,1204,811.333740234375,660.383544921875,926.1080932617188,907.236083984375,0.6332820057868958,1,roadway
IM_08317.JPG,1205,1166.47900390625,670.3248901367188,1485.0408935546875,987.3046875,0.864675760269165,1,roadway
IM_08340.JPG,1206,1072.5281982421875,671.7731323242188,1292.439697265625,964.9634399414062,0.9065383076667786,1,roadway
